Unit quantity,Weight,minm_wgh_qty,max_wgh_qty,minimum cost,rate,mode_dsc
808,14.3,250.0,499.99,43.227199999999996,0.7132,0
3188,87.94,65.0,69.99,43.227199999999996,0.7512000000000001,0
2331,61.2,60.0,64.99,43.227199999999996,0.7892,0
847,16.16,50.0,54.99,43.227199999999996,0.8271999999999999,0
2163,52.34,35.0,39.99,43.227199999999996,1.0552,0
3332,92.8,100.0,249.99,43.227199999999996,0.7132,0
1782,46.9,500.0,1999.99,43.227199999999996,0.6751999999999999,0
427,2.86,55.0,59.99,43.227199999999996,0.8271999999999999,0
1291,26.6,25.0,29.99,43.227199999999996,1.2451999999999999,0
2294,62.2,30.0,34.99,43.227199999999996,1.1312,0
2766,75.5,70.0,99.99,43.227199999999996,0.7512000000000001,0
798,14.3,10.0,14.99,43.227199999999996,1.8272,0
739,73.9,0.0,4.99,43.227199999999996,1.8272,0
280,7.800000000000001,5.0,9.99,43.227199999999996,1.8272,0
574,59.5,2000.0,99999.99,43.227199999999996,0.6372,0
556,52.7,45.0,49.99,43.227199999999996,0.9412,0
544,58.5,20.0,24.99,43.227199999999996,1.3212000000000002,0
1151,181.7,40.0,44.99,43.227199999999996,0.9792000000000001,0
1404,227.2,15.0,19.99,43.227199999999996,1.5872,0
662,74.1,65.0,69.99,43.227199999999996,0.7512000000000001,0
836,80.43000000000002,45.0,49.99,43.227199999999996,0.9412,0
2063,265.1,50.0,54.99,43.227199999999996,0.8271999999999999,0
2114,267.1,250.0,499.99,43.227199999999996,0.7132,0
2108,271.1,500.0,1999.99,43.227199999999996,0.6751999999999999,0
1120,112.6,100.0,249.99,43.227199999999996,0.7132,0
706,61.8,40.0,44.99,43.227199999999996,0.9792000000000001,0
889,107.88,20.0,24.99,43.227199999999996,1.3212000000000002,0
1793,216.57,60.0,64.99,43.227199999999996,0.7892,0
491,27.81,35.0,39.99,43.227199999999996,1.0552,0
1044,112.6,10.0,14.99,43.227199999999996,1.8272,0
447,32.9,0.0,4.99,43.227199999999996,1.8272,0
328,13.36,55.0,59.99,43.227199999999996,0.8271999999999999,0
973,106.88,30.0,34.99,43.227199999999996,1.1312,0
1179,129.14,25.0,29.99,43.227199999999996,1.2451999999999999,0
814,74.25,5.0,9.99,43.227199999999996,1.8272,0
1464,171.22,2000.0,99999.99,43.227199999999996,0.6372,0
347,6.18,70.0,99.99,43.227199999999996,0.7512000000000001,0
771,77.25,15.0,19.99,43.227199999999996,1.5872,0
469,27.9,500.0,1999.99,17.6888,0.0332,0
382,15.45,2000.0,99999.99,17.6888,0.0332,0
507,43.17,0.0,99.99,17.6888,0.0332,0
419,16.45,250.0,499.99,17.6888,0.0332,0
452,33.9,100.0,249.99,17.6888,0.0332,0
486,24.72,0.0,99.99,11.1112,0.1,0
729,60.8,2000.0,99999.99,11.1112,0.0924,0
366,19.54,250.0,499.99,11.1112,0.0924,0
539,43.26,100.0,249.99,11.1112,0.1,0
304,9.27,500.0,1999.99,11.1112,0.0924,0
544,46.35,100.0,249.99,21.470399999999998,0.062,0
679,65.8,0.0,99.99,21.470399999999998,0.062,0
868,101.7,500.0,1999.99,21.470399999999998,0.062,0
672,66.8,250.0,499.99,21.470399999999998,0.062,0
890,84.7,2000.0,99999.99,21.470399999999998,0.062,0
801,78.34,5000.0,9999.99,231.3072,0.1036,0
605,46.35,1000.0,4999.99,231.3072,0.1116,0
897,89.7,0.0,499.99,231.3072,0.18799999999999997,0
840,83.4,500.0,999.99,231.3072,0.12240000000000001,0
631,50.68,10000.0,99999.99,231.3072,0.10200000000000001,0
1287,15.4,100.0,249.99,17.5156,0.0484,0
3308,48.2,0.0,99.99,17.5156,0.0484,0
2233,31.26,250.0,499.99,17.5156,0.0484,0
1276,16.4,2000.0,99999.99,17.5156,0.0484,0
1325,14.4,500.0,1999.99,17.5156,0.0484,0
735,7.7,2000.0,99999.99,19.3644,0.11560000000000001,0
1294,16.4,250.0,499.99,19.3644,0.11560000000000001,0
696,6.16,100.0,249.99,19.3644,0.11560000000000001,0
3333,42.2,500.0,1999.99,19.3644,0.11560000000000001,0
2928,38.04,0.0,99.99,19.3644,0.11560000000000001,0
1279,14.4,500.0,1999.99,15.2272,0.0768,0
1320,16.4,2000.0,99999.99,15.2272,0.07640000000000001,0
2285,32.8,0.0,99.99,15.2272,0.1932,0
1819,23.1,250.0,499.99,15.2272,0.0824,0
339,1.54,100.0,249.99,15.2272,0.0828,0
4302,66.6,0.0,99.99,21.2272,0.22519999999999998,0
3322,42.2,100.0,249.99,21.2272,0.22119999999999998,0
781,7.7,250.0,499.99,21.2272,0.1932,0
3266,43.2,500.0,1999.99,21.2272,0.1924,0
2716,457.16,2000.0,99999.99,21.2272,0.1804,0
1498,245.08,100.0,249.99,21.0272,0.10279999999999999,0
617,54.52,2000.0,99999.99,21.0272,0.1016,0
898,113.04,500.0,1999.99,21.0272,0.10200000000000001,0
555,56.52,0.0,99.99,21.0272,0.21719999999999998,0
4377,820.44,250.0,499.99,21.0272,0.1024,0
540,60.52,100.0,249.99,15.4272,0.20119999999999996,0
887,121.04,2000.0,99999.99,15.4272,0.1004,0
1803,302.6,500.0,1999.99,15.4272,0.1008,0
936,144.88,250.0,499.99,15.4272,0.1972,0
2040,368.12,0.0,99.99,15.4272,0.2132,0
3003,498.67999999999995,2000.0,99999.99,23.54,0.047599999999999996,0
2095,384.12,500.0,1999.99,23.54,0.047599999999999996,0
2034,337.12,100.0,249.99,23.54,0.047599999999999996,0
973,136.88,0.0,99.99,23.54,0.047599999999999996,0
529,37.68,250.0,499.99,23.54,0.047599999999999996,0
2992,525.68,500.0,1999.99,15.4272,0.0772,0
2066,369.12,250.0,499.99,15.4272,0.0828,0
3914,644.24,2000.0,99999.99,15.4272,0.0768,0
1222,164.56,100.0,249.99,15.4272,0.0832,0
3876,717.24,0.0,99.99,15.4272,0.1972,0
2079,345.12,2000.0,99999.99,7.8272,0.0684,0
1136,184.56,500.0,1999.99,7.8272,0.0692,0
3931,777.24,250.0,499.99,7.8272,0.07279999999999999,0
2393,434.64,100.0,249.99,7.8272,0.0732,0
1655,257.76,0.0,99.99,7.8272,0.0984,0
2078,345.12,0.0,99.99,15.1176,0.1572,0
946,148.88,250.0,499.99,15.1176,0.1572,0
2120,335.12,100.0,249.99,15.1176,0.1572,0
1230,195.56,500.0,1999.99,15.1176,0.1572,0
2115,344.12,2000.0,99999.99,15.1176,0.1572,0
2045,346.12,2000.0,99999.99,9.6272,0.1448,0
935,134.88,500.0,1999.99,9.6272,0.14520000000000002,0
2943,540.68,250.0,499.99,9.6272,0.1456,0
2936,567.68,0.0,99.99,9.6272,0.174,0
2985,484.67999999999995,100.0,249.99,9.6272,0.14600000000000002,0
2938,521.68,0.0,99.99,27.8012,0.12960000000000002,0
716,83.36,250.0,499.99,27.8012,0.12960000000000002,0
4464,813.28,2000.0,99999.99,27.8012,0.12960000000000002,0
2109,331.12,500.0,1999.99,27.8012,0.12960000000000002,0
2978,504.67999999999995,100.0,249.99,27.8012,0.12960000000000002,0
2100,333.12,500.0,1999.99,19.0272,0.1024,0
2066,341.12,0.0,99.99,19.0272,0.22519999999999998,0
2972,508.67999999999995,2000.0,99999.99,19.0272,0.10200000000000001,0
2069,348.12,100.0,249.99,19.0272,0.1032,0
2233,404.8,250.0,499.99,19.0272,0.10279999999999999,0
2088,353.12,100.0,249.99,21.0272,0.1532,0
2665,417.92,250.0,499.99,21.0272,0.1492,0
1961,308.36,500.0,1999.99,21.0272,0.1484,0
2974,524.1600000000001,0.0,99.99,21.0272,0.1852,0
2322,397.6,2000.0,99999.99,21.0272,0.1476,0
950,132.56,2000.0,99999.99,23.3096,0.0912,0
1942,292.36,100.0,249.99,23.3096,0.0912,0
352,19.08,250.0,499.99,23.3096,0.0912,0
1208,176.72,500.0,1999.99,23.3096,0.0912,0
2117,293.44,0.0,99.99,23.3096,0.0912,0
2087,341.44,2000.0,99999.99,15.6272,0.1008,0
3927,608.88,500.0,1999.99,15.6272,0.10120000000000001,0
4090,641.04,100.0,249.99,15.6272,0.20919999999999997,0
3851,704.88,0.0,99.99,15.6272,0.21719999999999998,0
3927,619.88,250.0,499.99,15.6272,0.20119999999999996,0
3845,676.88,0.01,0.5,1.5884,0.5883999999999999,0
1529,3.00825142725,0.51,1.0,1.5884,0.5883999999999999,0
1495,2.653359698893519,1.01,1.5,1.5884,0.5883999999999999,0
899,1.3266798494467595,1.51,2.0,1.5884,0.5883999999999999,0
1437,2.653359698893519,2.01,2.5,1.5884,0.5883999999999999,0
1914,5.94,70.51,99.99,11.48,0.10400000000000001,0
1956,5.94,100.0,455.99,13.987200000000001,0.0968,0
1964,5.94,456.0,99999.99,65.312,0.098,0
1961,5.94,0.01,0.5,1.6728,0.6728000000000001,0
3624,11.82,0.51,1.0,1.6728,0.6728000000000001,0
4802,8.892328133604314,1.01,1.5,1.6728,0.6728000000000001,0
4871,8.892328133604314,1.51,2.0,1.6728,0.6728000000000001,0
1768,2.964109377868105,2.01,2.5,1.6728,0.6728000000000001,0
10054,8.931931144366747,70.51,99.99,11.451600000000001,0.1036,0
14988,13.39789671655012,100.0,455.99,13.9472,0.0964,0
10079,8.931931144366747,456.0,99999.99,65.1296,0.09759999999999999,0
12802,10.895465198828123,500.0,1999.99,25.438,0.2828,0
5308,4.358186079531249,2000.0,99999.99,25.438,0.23759999999999998,0
10309,8.716372159062498,250.0,499.99,25.438,0.2828,0
10235,8.716372159062498,0.0,99.99,25.438,0.2828,0
10295,8.716372159062498,100.0,249.99,25.438,0.2828,0
1910,5.92,2000.0,99999.99,21.627200000000002,0.1812,0
2840,5.76,250.0,499.99,21.627200000000002,0.1972,0
12737,9.30225411425535,500.0,1999.99,21.627200000000002,0.1932,0
42789,28.62766398846819,100.0,249.99,21.627200000000002,0.2332,0
7821,5.58135246855321,0.0,99.99,21.627200000000002,0.2652,0
20304,13.88360658280856,250.0,499.99,23.8384,0.0808,0
15243,11.16270493710642,100.0,249.99,23.8384,0.08439999999999999,0
10279,7.44180329140428,2000.0,99999.99,23.8384,0.0784,0
1156,6.446666666666666,500.0,1999.99,23.8384,0.0784,0
1233,6.44,0.0,99.99,23.8384,0.1004,0
1196,6.4,100.0,249.99,11.6072,0.1008,0
19176,51.97976608393829,250.0,499.99,11.6072,0.0968,0
5648,16.70850459541094,2000.0,99999.99,11.6072,0.0864,0
3905,9.471312,0.0,99.99,11.6072,0.1464,0
6662,13.331346388291161,500.0,1999.99,11.6072,0.08839999999999999,0
13116,30.662692776582322,500.0,1999.99,7.427200000000001,0.0848,0
1847,3.5828365970727902,0.0,99.99,7.427200000000001,0.0848,0
6694,13.331346388291161,100.0,249.99,7.427200000000001,0.0848,0
3505,7.1656731941455805,250.0,499.99,7.427200000000001,0.0848,0
6652,14.331346388291161,2000.0,99999.99,7.427200000000001,0.0848,0
5125,10.748509791218371,0.0,99.99,23.0272,0.2772,0
5966,8.199930522749009,100.0,249.99,23.0272,0.2372,0
4060,5.466620348499339,2000.0,99999.99,23.0272,0.1852,0
11655,17.399861045498017,250.0,499.99,23.0272,0.2072,0
6010,8.199930522749009,500.0,1999.99,23.0272,0.1972,0
7920,11.933240696998679,500.0,1999.99,3.4552,0.054400000000000004,0
6005,5.897706800459018,0.0,99.99,3.4552,0.0824,0
2249,1.9659022668196726,250.0,499.99,3.4552,0.054400000000000004,0
12243,118.74,2000.0,99999.99,3.4552,0.054400000000000004,0
3864,33.86,100.0,249.99,3.4552,0.056400000000000006,0
8665,45.193284719732084,2000.0,99999.99,1.4992,0.0424,0
858,3.1566631942665775,100.0,249.99,1.4992,0.0424,0
2677,13.62665277706631,250.0,499.99,1.4992,0.0424,0
854,3.1566631942665775,500.0,1999.99,1.4992,0.0424,0
926,2.697477693159763,0.0,99.99,1.4992,0.0484,0
10531,39.18065153998411,100.0,249.99,9.0272,0.0772,0
12240,46.2910961650617,250.0,499.99,9.0272,0.0768,0
840,2.114554808253085,500.0,1999.99,9.0272,0.07640000000000001,0
9288,34.71832212379628,0.0,99.99,9.0272,0.0888,0
844,2.114554808253085,2000.0,99999.99,9.0272,0.076,0
15926,56.97842501458021,0.0,99.99,7.187200000000001,0.08560000000000001,0
1445,3.9870057233421057,100.0,249.99,7.187200000000001,0.07200000000000001,0
3291,9.967514308355264,500.0,1999.99,7.187200000000001,0.07200000000000001,0
3250,9.967514308355264,2000.0,99999.99,7.187200000000001,0.07200000000000001,0
4500,12.791974839660886,250.0,499.99,7.187200000000001,0.07200000000000001,0
5049,15.762256959612442,250.0,499.99,5.8072,0.0824,0
2682,7.881128479806221,500.0,1999.99,5.8072,0.07400000000000001,0
5088,15.762256959612442,2000.0,99999.99,5.8072,0.07200000000000001,0
14093,48.30336531733605,100.0,249.99,5.8072,0.0864,0
890,1.926233274666785,0.0,99.99,5.8072,0.132,0
5092,13.154860516053335,0.0,99.99,17.0272,0.22519999999999998,0
2708,7.077430258026667,250.0,499.99,17.0272,0.2132,0
7494,23.232290774080003,500.0,1999.99,17.0272,0.1972,0
2704,7.077430258026667,100.0,249.99,17.0272,0.21719999999999998,0
9853,29.30972103210667,2000.0,99999.99,17.0272,0.1852,0
12895,39.15650885464,2000.0,99999.99,15.2272,0.1476,0
5075,15.154860516053335,250.0,499.99,15.2272,0.1484,0
897,1.7693575645066668,500.0,1999.99,15.2272,0.14800000000000002,0
2700,7.077430258026667,0.0,99.99,15.2272,0.1612,0
10274,22.58849844200639,100.0,249.99,15.2272,0.14880000000000002,0
10333,21.58849844200639,0.01,0.5,1.5884,0.5883999999999999,0
7282,16.511948909404474,0.51,1.0,1.5884,0.5883999999999999,0
4314,9.435399376802557,1.01,1.5,1.5884,0.5883999999999999,0
5323,12.794249221003195,1.51,2.0,1.5884,0.5883999999999999,0
3318,7.076549532601917,2.01,2.5,1.5884,0.5883999999999999,0
3324,5.338981994958335,70.51,99.99,11.48,0.10400000000000001,0
12256,23.35592797983334,100.0,455.99,13.987200000000001,0.0968,0
678,1.7408589019380563,456.0,99999.99,65.312,0.098,0
703,1.7408589019380563,0.01,0.5,1.6728,0.6728000000000001,0
680,1.7408589019380563,0.51,1.0,1.6728,0.6728000000000001,0
1141,3.0459392853143874,1.01,1.5,1.6728,0.6728000000000001,0
1530,4.568908927971581,1.51,2.0,1.6728,0.6728000000000001,0
1107,3.0459392853143874,2.01,2.5,1.6728,0.6728000000000001,0
1089,3.0459392853143874,70.51,99.99,11.451600000000001,0.1036,0
1081,3.0459392853143874,100.0,455.99,13.9472,0.0964,0
1144,2.910980721120423,456.0,99999.99,65.1296,0.09759999999999999,0
1094,2.910980721120423,0.0,0.453592,1.4024,0.8543750824529533,0
1137,2.910980721120423,0.45812792,0.907184,1.4496,0.9584333550856275,0
1145,2.910980721120423,0.9117199199999999,1.360776,1.5432000000000001,1.164786200814829,0
674,1.4554903605602114,1.36531192,1.814368,1.6164,1.3261647083722818,0
660,1.4554903605602114,1.81890392,2.26796,1.682,1.4707880703363374,0
1949,5.821961442240846,2.27249592,2.721552,1.7192,1.552800098767174,0
1164,6.566666666666666,2.72608792,3.175144,1.7591999999999999,1.640985075574525,0
1176,6.56,3.17967992,3.628736,1.81,1.752979996119861,0
5666,41.199999999999996,3.63327192,4.082328,1.8532,1.8482197710718,0
2971,20.58,4.08686392,4.53592,1.8896,1.9284680999664898,0
1198,6.48,4.540455919999999,4.9895119999999995,1.9356,3.0298808232949437,0
1279,4.643792750839999,4.99404792,5.443104,1.9815999999999998,3.131293546623397,0
1905,6.4399999999999995,5.447639919999999,5.896696,3.0276,2.2327062699518514,0
6697,25.6,5.90123192,6.350288,3.0736,2.334118993280305,0
1882,6.4,6.354823919999999,6.8038799999999995,3.1196,1.4355317166087587,0
1895,6.38,6.80841592,7.257472,3.1656,1.5369444399372125,0
5250,3.94,7.26200792,7.711064,3.2116,2.6383571632656664,0
10278,35.52,7.715599920000001,8.164656,3.2576,3.7397698865941202,0
7449,21.502451128000004,8.169191920000001,8.618248,3.3036000000000003,3.8411826099225737,0
3000,8.438419173000002,8.62278392,9.07184,3.3496,2.942595333251028,0
1323,2.9850138075652843,9.07637592,9.525432,3.3856,3.021961812377644,0
1271,2.9850138075652843,9.52996792,9.979023999999999,3.4215999999999998,4.1013282915042595,0
1327,2.9850138075652843,9.983559920000001,10.432616,3.4576000000000002,4.1806947706308755,0
2278,5.970027615130569,10.43715192,10.886208,3.4936,4.2600612497574915,0
5120,8.615247600674085,10.89074392,11.3398,3.5296000000000003,4.339427728884107,0
5033,8.615247600674085,11.34433592,11.793392,3.5656,3.4187942080107234,0
1846,2.8717492002246945,11.797927920000001,12.246984,3.6016,4.498160687137339,0
9888,18.23049520134817,12.25151992,12.700576,3.6376,4.577527166263955,0
3462,5.743498400449389,12.70511192,13.154168,3.6735999999999995,3.6568936453905714,0
5123,8.615247600674085,13.15870392,13.607759999999999,3.7096,3.736260124517188,0
1873,1.9305220911475411,13.612295920000001,14.061352,3.7456,3.8156266036438033,0
1932,1.9305220911475411,14.06588792,14.514944,3.7816,3.89499308277042,0
5128,5.791566273442623,14.519479919999998,14.968536,3.8175999999999997,2.9743595618970353,0
5066,5.791566273442623,14.973071919999999,15.422128,3.8536,5.053726041023651,0
1870,1.9305220911475411,15.42666392,15.87572,3.8896,6.133092520150268,0
13048,15.44417672918033,15.88025592,16.329312,3.9256,2.2124589992768833,0
1912,1.9305220911475411,16.33384792,16.782904,3.9616,5.291825478403499,0
1128,0.7897632766190477,16.78743992,17.236496,3.9976,2.3711919575301152,0
1930,1.5795265532380953,17.241031919999998,17.690088,5.0336,5.450558436656731,0
1931,0.075121356,17.694623919999998,18.14368,5.069599999999999,5.529924915783347,0
41852,107.52363636363637,18.14821592,18.597272,5.1056,6.609291394909963,0
26302,67.57727272727274,18.60180792,19.050864,5.1416,2.688657874036579,0
26242,63.040000000000006,19.05539992,19.504456,5.1776,5.768024353163195,0
4832,11.719875852972974,19.50899192,19.958047999999998,5.2136,6.847390832289811,0
1183,2.1439751705945946,19.96258392,20.41164,5.2496,2.926757311416427,0
1142,2.1439751705945946,20.41617592,20.865232,5.2856000000000005,5.006123790543044,0
7505,17.151801364756757,20.869767919999997,21.318824,5.3216,3.085490269669659,0
3921,8.575900682378379,21.323359919999998,21.772416,5.3576,5.164856748796275,0
10372,17.656508325314896,21.77695192,22.226008,5.393599999999999,5.244223227922891,0
3658,5.552169441771632,22.23054392,22.6796,5.429600000000001,3.323589707049507,0
5446,6.3143139080024895,22.68413592,23.133192,5.4668,6.405601735480344,0
5502,6.3143139080024895,23.13772792,23.586784,5.504,7.48761376391118,0
22787,19.490788410392074,23.59131992,24.040376,5.5412,5.569625792342017,0
5330,4.109064091198238,24.04491192,24.493968,5.5784,6.651637820772853,0
10296,8.218128182396477,24.498503919999997,24.94756,5.615600000000001,7.733649849203689,0
10266,8.218128182396477,24.952095919999998,25.401152,5.652800000000001,5.815661877634526,0
10240,8.218128182396477,25.40568792,25.854744,5.6899999999999995,4.897673906065362,0
22789,18.490788410392074,25.85927992,26.308336,5.7272,6.9796859344961995,0
2794,2.054532045599119,26.31287192,26.761928,5.7644,6.061697962927037,0
1942,2.873199401026889,26.76646392,27.215519999999998,5.8016000000000005,6.143709991357872,0
8695,15.365997005134446,27.22005592,27.669112,5.838800000000001,7.22572201978871,0
3654,5.746398802053778,27.67364792,28.122704,5.876,3.3077340482195448,0
3667,5.746398802053778,28.127239919999997,28.576296,5.913200000000001,9.389746076650383,0
304,0.5732737389400709,28.580831919999998,29.029888,5.9504,5.471758105081218,0
581,3.44,29.034423920000002,29.48348,5.9876000000000005,6.553770133512057,0
4118,11.245130432298668,29.488015920000002,29.937072,7.024800000000001,4.635782161942892,0
5098,14.056413040373334,29.941607920000003,30.390664,7.062,5.717794190373729,0
5054,15.056413040373334,30.395199920000003,30.844256,7.0992,6.799806218804565,0
3836,4.943945192277992,30.848791920000004,31.297848,7.1364,7.881818247235402,0
2031,2.471972596138996,31.30238392,31.75144,7.1736,8.963830275666238,0
2026,2.471972596138996,31.75597592,32.205032,7.2064,9.036141956648265,0
660,5.775454545454545,32.209567920000005,32.658624,7.2392,8.108453637630294,0
841,1.77923094,32.663159920000005,33.112216,7.272,7.1807653186123215,0
891,1.77923094,33.11675192,33.565808,7.3048,7.253076999594349,0
895,1.77923094,33.57034392,34.0194,7.3376,8.325388680576378,0
870,1.77923094,34.02393592,34.472992,7.3704,6.397700361558406,0
857,1.77923094,34.47752792,34.926584,7.4032,4.470012042540434,0
844,1.77923094,34.93111992,35.380176,7.436,8.542323723522461,0
853,1.77923094,35.38471192,35.833768,7.4688,5.614635404504489,0
2819,2.0957958942676056,35.83830392,36.28736,7.5016,6.6869470854865165,0
2745,2.0957958942676056,36.29189592,36.740952,7.534400000000001,5.7592587664685455,0
2816,2.0957958942676056,36.74548792,37.194544,7.5672,10.831570447450574,0
463,0.5901213068534298,37.19907992,37.648136,7.6,4.9038821284326,0
2386,6.04514509459611,37.65267192,38.101728,7.6328000000000005,10.976193809414628,0
754,1.209029018919222,38.10626392,38.55532,7.6655999999999995,11.048505490396655,0
1500,3.627087056757666,38.559855920000004,39.008912,7.6984,5.120817171378684,0
1539,3.627087056757666,39.013447920000004,39.462504,7.731199999999999,5.1931288523607115,0
1174,2.418058037838444,39.467039920000005,39.916095999999996,7.764,9.26544053334274,0
7440,19.553493321626775,39.920631920000005,40.369688,7.7968,4.337752214324768,0
1507,3.627087056757666,40.37422392,40.82328,7.829600000000001,5.410063895306797,0
2372,6.04514509459611,40.82781592,41.276872,7.8624,10.482375576288824,0
2782,7.254174113515332,41.28140792,41.730464,7.895200000000001,12.554687257270851,0
1976,4.836116075676888,41.73499992,42.184056,7.928,12.62699893825288,0
1097,2.418058037838444,42.18859192,42.637648,7.960800000000001,6.6993106192349074,0
325,1.207741935483871,42.64218392,43.09124,7.993600000000001,8.771622300216935,0
333,2.2,43.09577592,43.544832,9.0264,4.843933981198964,0
1191,11.5,43.54936792,43.998424,9.0592,5.916245662180991,0
1446,14.94,44.00295992,44.452016,9.092,10.98855734316302,0
604,3.42,44.45655192,44.905608,9.1248,11.060869024145047,0
1314,6.373333333333333,44.91014392,45.3592,9.1576,12.133180705127076,0
1296,6.373333333333333,45.36373592,45.812792,9.198,11.222247531702498,0
1318,6.28,45.817327920000004,46.266384,9.2384,8.311314358277924,0
1495,6.207562282153846,46.270919920000004,46.719976,9.2788,12.40038118485335,0
4258,12.593975105845072,46.724511920000005,47.173568,9.3192,11.489448011428772,0
1284,2.9850138075652843,47.178103920000005,47.627159999999996,9.3596,12.578514838004198,0
3532,5.743498400449389,47.63169592,48.080752,9.4,9.667581664579622,0
1837,2.8717492002246945,48.08528792,48.534344,9.4404,13.756648491155048,0
8251,15.358746001123473,48.53887992,48.987936,9.4808,5.845715317730473,0
3461,5.743498400449389,48.99247192,49.441528,9.5212,5.9347821443058955,0
3522,5.743498400449389,49.44606392,49.89512,9.5616,15.023848970881321,0
3440,5.743498400449389,49.89965592,50.348712,9.602,13.112915797456747,0
1892,2.8717492002246945,50.35324792,50.802304,9.6424,14.20198262403217,0
5074,5.791566273442623,50.80683992,51.255896,9.6828,13.291049450607595,0
2813,1.653936871924925,51.26043192,51.709488,9.7232,8.380116277183019,0
5296,3.30787374384985,51.71402392,52.16308,9.7636,13.469183103758445,0
8340,22.612448240800003,52.16761592,52.616672,9.804,8.558249930333869,0
12917,38.2860305968,52.62120792,53.070264,9.8444,15.647316756909294,0
10256,0.3688506141025641,53.074799920000004,53.523856,9.8848,14.736383583484717,0
14248,0.5163908597435897,53.528391920000004,53.977448,9.9252,8.825450410060144,0
638,6.436571428571427,53.981983920000005,54.431039999999996,9.9656,7.914517236635566,0
419,2.352886836027714,54.435575920000005,54.884631999999996,11.006,7.003584063210992,0
374,3.5,54.88916792,55.338224,11.0464,11.092650889786416,0
305,0.8192729619272964,55.34275992,55.791816,11.0868,8.18171771636184,0
268,0.4096364809636482,55.79635192,56.245408,11.1272,9.270784542937266,0
336,0.8192729619272964,56.24994392,56.699,11.1676,14.35985136951269,0
319,0.8192729619272964,56.70353592,57.152592,11.208000000000002,16.448918196088115,0
361,0.8192729619272964,57.15712792,57.606184,11.2484,12.537985022663541,0
383,1.2289094428909446,57.61071992,58.059776,11.2888,13.627051849238962,0
308,0.8192729619272964,58.064311919999994,58.513368,11.3292,15.71611867581439,0
327,0.8192729619272964,58.517903919999995,58.96696,11.3696,10.805185502389813,0
324,0.2048182404818241,58.971495919999995,59.420552,11.41,7.894252328965237,0
344,1.2289094428909446,59.425087919999996,59.874144,11.450400000000002,16.983319155540663,0
303,0.28663686947003547,59.878679919999996,60.327736,11.4908,8.072385982116087,0
353,0.28663686947003547,60.33227192,60.781328,11.5312,16.16145280869151,0
644,4.08,60.78586392,61.23492,11.5716,8.250519635266937,0
423,1.297699115044248,61.23945592,61.688512,11.612,17.339586461842362,0
299,2.177284597389611,61.69304792,62.142103999999996,11.6524,14.428653288417786,0
301,2.177284597389611,62.14663992,62.595696,11.6928,17.51772011499321,0
377,4.427145348025542,62.60023191999999,63.049288,11.7332,13.606786941568634,0
308,2.177284597389611,63.05382391999999,63.50288,11.7736,18.695853768144058,0
244,0.059972465660277155,63.50741591999999,63.956472,11.814,6.784920594719484,0
312,0.17991739698083148,63.96100791999999,64.410064,11.854400000000002,11.87398742129491,0
340,2.338926160750809,64.41459992,64.863656,11.8948,18.963054247870332,0
304,0.11994493132055431,64.86819192,65.317248,11.9352,18.052121074445758,0
333,0.29986232830138576,65.32178392,65.77083999999999,11.9756,11.141187901021183,0
340,1.199449313205543,65.77537592,66.224432,13.016,13.230254727596607,0
263,1.139476847545266,66.22896791999999,66.678024,13.0564,11.319321554172031,0
397,9.595594505644344,66.68255991999999,67.131616,13.096800000000002,10.408388380747459,0
276,0.5303318061300465,67.13615191999999,67.585208,13.1372,17.49745520732288,0
243,0.26516590306502325,67.58974391999999,68.0388,13.1776,11.586522033898305,0
291,0.08838863435500775,68.04333591999999,45359.19546408,13.2484,0.11803052611157165,0
302,0.2209715858875194,2000.0,99999.99,13.667200000000001,0.0868,0
307,0.5303318061300465,0.0,99.99,13.667200000000001,0.0868,0
313,2.828436299360248,100.0,249.99,13.667200000000001,0.0868,0
339,0.48613748895254266,250.0,499.99,13.667200000000001,0.0868,0
291,0.07170106347502034,500.0,1999.99,13.667200000000001,0.0868,0
337,0.3585053173751017,0.0,99.99,5.4272,0.07400000000000001,0
301,1.4340212695004069,500.0,1999.99,5.4272,0.07400000000000001,0
317,0.3585053173751017,2000.0,99999.99,5.4272,0.07400000000000001,0
254,2.9106137184115517,250.0,499.99,5.4272,0.07400000000000001,0
339,2.9106137184115517,100.0,249.99,5.4272,0.07400000000000001,0
270,5.96,0.001,0.5,1.3352,0.33520000000000005,0
288,0.10495376293631466,0.010000000000000009,0.5,1.43,0.43,0
434,0.945155161494617,0.51,1.0,1.43,0.43,0
257,0.17758296843234683,1.01,1.5,1.5219999999999998,0.5219999999999999,0
513,1.820225426431555,1.51,2.0,1.6139999999999999,0.614,0
335,0.01297592038663686,2.01,2.5,1.7064,0.7064,0
268,0.0026416254469548302,0.010000000000000009,0.5,1.4811999999999999,0.48119999999999996,0
341,0.255,0.51,1.0,1.4811999999999999,0.48119999999999996,0
313,0.3722748815165877,1.01,1.5,1.4811999999999999,0.48119999999999996,0
303,1.786919431279621,1.51,2.0,1.4811999999999999,0.48119999999999996,0
333,2.6803791469194316,2.01,2.5,1.4811999999999999,0.48119999999999996,0
316,0.8934597156398105,2.51,3.0,1.4811999999999999,0.48119999999999996,0
296,0.3722748815165877,3.01,3.5,1.5064,0.5064,0
374,1.786919431279621,3.51,4.0,1.5492,0.5492,0
237,0.10146654445462877,4.01,4.5,1.592,0.592,0
266,0.1890507152145644,4.51,5.0,1.6347999999999998,0.6347999999999999,0
247,0.44111833550065027,5.01,5.5,1.6776,0.6776000000000001,0
321,0.12603381014304293,5.51,6.0,1.7204,0.7203999999999999,0
292,0.06702072538860104,6.01,6.5,1.7631999999999999,0.7631999999999999,0
249,0.10512516195012464,6.51,7.0,1.806,0.8059999999999999,0
366,0.6639604398848624,7.01,7.5,1.8488,0.8488,0
321,0.13279208797697248,7.51,8.0,1.8916,0.8916,0
335,0.29878219794818806,8.01,8.5,1.9344000000000001,0.9344,0
346,0.13279208797697248,8.51,9.0,1.9771999999999998,0.9772,0
272,0.11287327478042661,9.01,9.5,3.02,1.02,0
479,1.3279208797697248,9.51,10.0,3.0628,1.0628,0
880,3.5,10.01,10.5,3.1028000000000002,1.1028,0
424,0.4867667508310355,10.51,11.0,3.1428000000000003,1.1428,0
618,0.8700955671104759,11.01,11.5,3.1828000000000003,1.1828,0
327,0.12169168770775887,11.51,12.0,3.2228000000000003,1.2228,0
541,0.8944339046520277,12.01,12.5,3.2628,1.2628,0
600,0.8700955671104759,12.51,13.0,3.3028,1.3028,0
239,0.006084584385387943,13.01,13.5,3.3428,1.3428,0
291,2.318463252260198,13.51,14.0,3.3828,1.3828,0
307,2.753175112058985,14.01,14.5,3.4228,1.4228,0
282,0.07245197663313119,14.51,15.0,3.4628,1.4628,0
274,2.318463252260198,15.01,15.5,3.5027999999999997,1.5028,0
332,1.8112994158282798,15.51,16.0,3.5427999999999997,1.5428,0
276,1.0143276728638366,16.01,16.5,3.5519999999999996,1.5519999999999998,0
292,2.318463252260198,16.51,17.0,3.5519999999999996,1.5519999999999998,0
270,3.2360248447204976,17.01,17.5,3.5519999999999996,1.5519999999999998,0
251,1.9416149068322985,17.51,18.0,3.5519999999999996,1.5519999999999998,0
319,0.4375695134061566,18.01,18.5,3.5519999999999996,1.5519999999999998,0
280,2.0419910625620643,18.51,19.0,3.5519999999999996,1.5519999999999998,0
247,0.17936531067828096,19.01,19.5,3.5519999999999996,1.5519999999999998,0
291,0.818904958492704,19.51,20.0,3.5519999999999996,1.5519999999999998,0
297,0.818904958492704,20.01,20.5,3.5519999999999996,1.5519999999999998,0
414,7.662544164301477,20.51,21.0,3.5519999999999996,1.5519999999999998,0
285,0.1492716239922353,21.01,21.5,3.6247999999999996,1.6247999999999998,0
241,0.5651222104144527,21.51,22.0,3.6247999999999996,1.6247999999999998,0
317,0.6593092454835281,22.01,22.5,3.6972,1.6972,0
240,0.5651222104144527,22.51,23.0,3.6972,1.6972,0
315,0.6593092454835281,23.01,23.5,3.77,1.77,0
292,3.6665875370919867,23.51,24.0,3.77,1.77,0
362,3.7538872403560815,24.01,24.5,3.8419999999999996,1.8419999999999999,0
286,4.103086053412461,24.51,25.0,3.8419999999999996,1.8419999999999999,0
322,4.103086053412461,25.01,25.5,3.9143999999999997,1.9143999999999999,0
280,0.08729970326409492,25.51,26.0,3.9143999999999997,1.9143999999999999,0
352,2.269792284866468,26.01,26.5,3.9872,1.9872,0
376,4.80148367952522,26.51,27.0,3.9872,1.9872,0
280,2.095192878338278,27.01,27.5,5.0596,2.0596,0
287,1.8332937685459934,27.51,28.0,5.0596,1.0596,0
290,3.7538872403560815,28.01,28.5,5.1324000000000005,1.1324,0
318,2.5316913946587527,28.51,29.0,5.1324000000000005,1.1324,0
315,4.103086053412461,29.01,29.5,5.2044,1.2044000000000001,0
315,3.7538872403560815,29.51,30.0,5.2044,1.2044000000000001,0
344,3.841186943620176,30.01,30.5,5.277200000000001,2.2772,0
371,4.103086053412461,30.51,31.0,5.277200000000001,1.2772000000000001,0
322,3.9284866468842714,31.01,31.5,5.349600000000001,3.3496,0
289,0.3491988130563797,31.51,32.0,5.349600000000001,3.3496,0
369,3.841186943620176,32.01,32.5,5.4224,2.4224,0
293,0.08729970326409492,32.51,33.0,5.4224,2.4224,0
307,3.7538872403560815,33.01,33.5,5.4948,3.4947999999999997,0
298,0.08729970326409492,33.51,34.0,5.4948,1.4947999999999997,0
311,5.1506824925816,34.01,34.5,5.5676000000000005,2.5676,0
256,0.8601719197707737,34.51,35.0,5.5676000000000005,1.5676,0
344,0.8601719197707737,35.01,35.5,5.6396,1.6396000000000002,0
314,0.43008595988538684,35.51,36.0,5.6396,2.6396,0
302,0.43008595988538684,36.01,36.5,5.712400000000001,3.7124,0
378,6.8,36.51,37.0,5.712400000000001,2.7124,0
419,7.420000000000001,37.01,37.5,5.784800000000001,1.7848000000000002,0
326,0.8432178404938893,37.51,38.0,5.784800000000001,2.7848,0
319,0.766561673176263,38.01,38.5,5.857600000000001,2.8576000000000006,0
281,1.481581569115816,38.51,39.0,5.857600000000001,1.8576000000000006,0
328,0.3561290073464699,39.01,39.5,5.93,3.93,0
316,4.295748739978287,39.51,40.0,5.93,1.9300000000000002,0
403,8.591497479956574,40.01,40.5,7.0024,2.0024,0
323,1.0022947022242792,40.51,41.0,7.0024,4.0024,0
361,6.1808173303830545,41.01,41.5,7.0748,3.0748,0
367,3.173933223710217,41.51,42.0,7.0748,4.0748,0
301,3.7958691335487544,42.01,42.5,7.114800000000001,2.1148000000000002,0
317,1.485340095736469,42.51,43.0,7.114800000000001,4.114800000000001,0
316,4.9352636861026475,43.01,43.5,7.114800000000001,3.1148000000000002,0
299,0.057230709780703576,43.51,44.0,7.114800000000001,4.114800000000001,0
372,4.5195332995821484,44.01,44.5,7.114800000000001,4.114800000000001,0
289,0.9039066599164297,44.51,45.0,7.114800000000001,3.1148000000000002,0
910,13.680000000000001,45.01,45.5,7.1836,4.1836,0
1138,17.86,45.51,46.0,7.1836,4.1836,0
460,3.2240000000000006,46.01,46.5,7.2524,3.2524,0
327,0.083485508841441,46.51,47.0,7.2524,3.2524,0
406,1.66971017682882,47.01,47.5,7.3204,3.3204000000000002,0
273,0.14609964047252175,47.51,48.0,7.3204,2.3204000000000002,0
545,2.6564782052247238,48.01,48.5,7.388800000000001,4.388800000000001,0
1263,8.06,48.51,49.0,7.388800000000001,3.3888000000000007,0
287,2.647666666666667,49.01,49.5,7.457600000000001,3.4576000000000007,0
355,0.465487313262203,49.51,50.0,7.457600000000001,2.4576000000000007,0
329,0.7396062346185398,50.01,50.5,7.526,3.5260000000000002,0
314,0.21131606703386852,50.51,51.0,7.526,2.5260000000000002,0
874,5.1,51.01,51.5,7.5948,3.5948,0
395,0.6373144695661332,51.51,52.0,7.5948,2.5948,0
316,0.04074468085106383,52.01,52.5,7.663600000000001,2.6636,0
297,1.0313669064748203,52.51,53.0,7.663600000000001,4.663600000000001,0
280,1.6558260695321105,53.01,53.5,7.732000000000001,4.732000000000001,0
306,2.8012071778140286,53.51,54.0,7.732000000000001,3.7320000000000007,0
352,5.6672692544863,54.01,54.5,7.8004,3.8004000000000002,0
335,1.416817313621575,54.51,55.0,7.8004,2.8004000000000002,0
334,2.83363462724315,55.01,55.5,7.8692,2.8692,0
348,2.83363462724315,55.51,56.0,7.8692,2.8692,0
350,2.83363462724315,56.01,56.5,7.937600000000001,2.9376000000000007,0
324,6.800000000000001,56.51,57.0,7.937600000000001,4.937600000000001,0
389,11.492722835624562,57.01,57.5,9.0064,5.0064,0
275,5.246361417812281,57.51,58.0,9.0064,6.0064,0
297,7.869542126718422,58.01,58.5,9.0744,6.074400000000001,0
256,2.229867193803324,58.51,59.0,9.0744,2.0744000000000007,0
278,1.7838937550426595,59.01,59.5,9.1432,5.1432,0
326,0.22298671938033243,59.51,60.0,9.1432,6.1432,0
325,3.3448007907049866,60.01,60.5,9.212,3.2120000000000006,0
261,2.006880474422992,60.51,61.0,9.212,4.212000000000001,0
244,0.11149335969016622,61.01,61.5,9.2808,4.2808,0
308,1.114933596901662,61.51,62.0,9.2808,6.2808,0
264,0.22298671938033243,62.01,62.5,9.3492,6.3492,0
313,0.3470229508749958,62.51,63.0,9.3492,3.3491999999999997,0
262,0.030910638556597612,63.01,63.5,9.4176,6.4176,0
279,0.015916942875710462,63.51,64.0,9.4176,6.4176,0
276,0.17684988705592444,64.01,64.5,9.4864,6.486400000000001,0
339,0.21221986446710933,64.51,65.0,9.4864,4.486400000000001,0
240,0.017349058698709563,65.01,65.5,9.554400000000001,4.5544,0
281,0.05783019566236522,65.51,66.0,9.554400000000001,3.5544000000000002,0
289,0.05783019566236522,66.01,66.5,9.5884,5.5884,0
795,1.8590646569939384,66.51,67.0,9.622399999999999,6.6224,0
290,0.07436258627975753,67.01,67.5,9.656400000000001,5.6564000000000005,0
356,0.5078214818737665,67.51,68.0,9.6904,4.6904,0
319,0.19214866881710083,68.01,68.5,9.7276,4.727600000000001,0
239,0.06862452457753601,68.51,69.0,9.7276,4.727600000000001,0
2561,24.2,69.01,69.5,9.7276,5.727600000000001,0
381,8.405550049554014,69.51,70.0,9.7276,3.7276000000000007,0
314,1.200792864222002,70.01,70.5,9.7276,2.7276000000000007,0
323,1.200792864222002,70.51,99.99,9.7416,0.09359999999999999,0
249,1.200792864222002,100.0,299.99,13.3872,0.0908,0
320,2.18,300.0,499.99,35.6672,0.086,0
301,0.05037310484759637,500.0,999.99,59.4272,0.086,0
9286,4.011579206568387,1000.0,9999.99,117.8272,0.086,0
6288,2.6743861377122577,0.0,0.5,1.4356,0.43560000000000004,0
18297,8.023158413136773,0.51,1.0,1.4768,0.4768,0
18328,8.023158413136773,1.01,1.5,1.5148,0.5147999999999999,0
12331,5.3487722754245155,1.51,2.0,1.5516,0.5516,0
15331,6.685965344280644,2.01,2.5,1.5859999999999999,0.586,0
18264,8.023158413136773,2.51,3.0,1.6204,0.6204,0
6253,2.6743861377122577,3.01,3.5,1.654,0.654,0
6285,2.6743861377122577,3.51,4.0,1.6884000000000001,0.6884,0
18329,8.023158413136773,4.01,4.5,1.7227999999999999,0.7228,0
12333,5.3487722754245155,4.51,5.0,1.7568,0.7567999999999999,0
3273,1.3371930688561289,5.01,5.5,1.7872,0.7872,0
3254,1.3371930688561289,5.51,6.0,1.8176,0.8176000000000001,0
3261,1.3371930688561289,6.01,6.5,1.8479999999999999,0.848,0
9286,4.011579206568387,6.51,7.0,1.8784,0.8784000000000001,0
3313,1.3371930688561289,7.01,7.5,1.9087999999999998,0.9087999999999999,0
12251,5.3487722754245155,7.51,8.0,1.9392,0.9392,0
3278,1.3371930688561289,8.01,8.5,1.9695999999999998,0.9695999999999999,0
6301,2.6743861377122577,8.51,9.0,2.0,1.0,0
15268,6.685965344280644,9.01,9.5,3.0304,1.0304,0
6265,2.6743861377122577,9.51,10.0,3.0608,1.0608,0
18308,8.023158413136773,10.01,10.5,3.0904,1.0903999999999998,0
6293,2.6743861377122577,10.51,11.0,3.12,1.12,0
6277,2.6743861377122577,11.01,11.5,3.1496,1.1496,0
6267,2.6743861377122577,11.51,12.0,3.1792,1.1792,0
12279,5.3487722754245155,12.01,12.5,3.2088,1.2087999999999999,0
6233,2.6743861377122577,12.51,13.0,3.2384,1.2384,0
6284,2.6743861377122577,13.01,13.5,3.268,1.268,0
18331,8.023158413136773,13.51,14.0,3.2976,1.2976,0
12326,5.3487722754245155,14.01,14.5,3.3272,1.3272,0
3319,1.3371930688561289,14.51,15.0,3.3568,1.3568,0
6309,2.6743861377122577,15.01,15.5,3.3868,1.3868,0
15263,6.685965344280644,15.51,16.0,3.4168000000000003,1.4168,0
6265,2.6743861377122577,16.01,16.5,3.4468,1.4468,0
18240,8.023158413136773,16.51,17.0,3.4768,1.4768000000000001,0
6301,2.6743861377122577,17.01,17.5,3.5068,1.5068000000000001,0
3296,1.3371930688561289,17.51,18.0,3.5368000000000004,1.5368000000000002,0
3268,1.3371930688561289,18.01,18.5,3.5667999999999997,1.5668,0
6321,2.6743861377122577,18.51,19.0,3.5968,1.5968,0
18264,8.023158413136773,19.01,19.5,3.6268000000000002,1.6268,0
15243,6.685965344280644,19.51,20.0,3.6568,1.6568,0
9237,4.011579206568387,20.01,20.5,3.6868,1.6868,0
15301,6.685965344280644,20.51,21.0,3.7168,1.7168,0
6307,2.6743861377122577,21.01,21.5,3.7468000000000004,1.7468000000000001,0
3261,1.3371930688561289,21.51,22.0,3.7768,1.7768000000000002,0
16240,24.145745715165564,22.01,22.5,3.8068,1.8068,0
1402,74.72,22.51,23.0,3.8368,1.8368,0
1474,14.799999999999999,23.01,23.5,3.8668,1.8668,0
2812,12.763034238274194,23.51,24.0,3.8968,1.8968,0
1090,3.921011412758065,24.01,24.5,3.9268,1.9268,0
2853,12.763034238274194,24.51,25.0,3.9568000000000003,1.9568,0
1099,3.921011412758065,25.01,25.5,3.9868,1.9868000000000001,0
3626,16.68404565103226,25.51,26.0,5.0168,3.0168,0
1941,7.84202282551613,26.01,26.5,5.0468,1.0468000000000002,0
1139,3.921011412758065,26.51,27.0,5.0768,2.0768,0
1916,7.84202282551613,27.01,27.5,5.1068,1.1068000000000002,0
2002,7.84202282551613,27.51,28.0,5.1368,2.1368,0
1258,2.672789038738373,28.01,28.5,5.1668,1.1668000000000003,0
1518,2.653359698893519,28.51,29.0,5.1968,3.1968,0
914,1.3266798494467595,29.01,29.5,5.2268,1.2268,0
2648,5.306719397787038,29.51,30.0,5.2568,3.2568,0
1443,2.653359698893519,30.01,30.5,5.2867999999999995,1.2868,0
2108,3.9800395483402786,30.51,31.0,5.316800000000001,3.3168,0
1454,2.653359698893519,31.01,31.5,5.3468,3.3468,0
909,1.3266798494467595,31.51,32.0,5.3768,1.3768000000000002,0
909,1.3266798494467595,32.01,32.5,5.4068000000000005,1.4068,0
904,1.3266798494467595,32.51,33.0,5.4368,1.4367999999999999,0
3838,7.960079096680557,33.01,33.5,5.4668,2.4668,0
2000,5.970000000000001,33.51,34.0,5.4968,2.4968,0
3650,11.94,34.01,34.5,5.5268,2.5268,0
3618,12.94,34.51,35.0,5.5568,1.5568,0
3633,11.94,35.01,35.5,5.5868,3.5868,0
1930,5.96,35.51,36.0,5.6168,2.6168,0
3601,6.565768179616347,36.01,36.5,5.646800000000001,1.6468000000000003,0
5305,9.848652269424521,36.51,37.0,5.6768,2.6768,0
1935,3.2828840898081735,37.01,37.5,5.706799999999999,3.7068,0
1974,3.2828840898081735,37.51,38.0,5.736800000000001,2.7368,0
4838,8.892328133604314,38.01,38.5,5.7668,2.7668,0
44359,43.19369014965036,38.51,39.0,5.7968,3.7968,0
15277,14.074558238593749,39.01,39.5,5.8268,2.8268,0
2806,2.1790930397656245,39.51,40.0,5.8568,2.8568000000000002,0
2776,3.071395348837209,40.01,40.5,5.8868,3.8868,0
5292,6.142790697674418,40.51,41.0,5.9168,2.9168000000000003,0
2787,3.071395348837209,41.01,41.5,5.9468,1.9468,0
2757,3.071395348837209,41.51,42.0,5.9768,1.9768,0
35263,15.84,42.01,42.5,7.0068,3.0068,0
2678,25.54,42.51,43.0,7.0367999999999995,2.0368,0
2071,20.14,43.01,43.5,7.066800000000001,2.0668,0
5092,55.02,43.51,44.0,7.0968,2.0968,0
1319,4.872727272727272,44.01,44.5,7.1268,3.1268000000000002,0
3242,15.279999999999998,44.51,45.0,7.1568000000000005,2.1568,0
7288,33.08,45.01,45.5,7.1908,3.1908000000000003,0
2012,5.1957541848,45.51,46.0,7.2248,2.2248,0
1216,2.811282608074667,46.01,46.5,7.258800000000001,3.2588000000000004,0
2758,2.336889851,46.51,47.0,7.2928,2.2928,0
10307,7.44180329140428,47.01,47.5,7.3268,2.3268,0
100257,76.4180329140428,47.51,48.0,7.3608,2.3608000000000002,0
20276,14.88360658280856,48.01,48.5,7.3948,3.3948,0
6583,17.326588694646098,48.51,49.0,7.428800000000001,2.4288000000000007,0
2970,7.85425229770547,49.01,49.5,7.4628,2.4628,0
11033,28.41700919082188,49.51,50.0,7.4968,4.4968,0
8367,22.56275689311641,50.01,50.5,7.530800000000001,3.5308000000000006,0
15604,48.50742968699766,50.51,51.0,7.5648,2.5648,0
34516,106.48719577093595,51.01,51.5,7.598800000000001,4.598800000000001,0
30869,93.01485937399532,51.51,52.0,7.6328000000000005,4.6328000000000005,0
36233,103.27089925288658,52.01,52.5,7.6668,2.6668000000000003,0
3842,35.81999999999999,52.51,53.0,7.700800000000001,4.700800000000001,0
2060,19.909999999999997,53.01,53.5,7.7348,2.7348000000000003,0
2118,19.84,53.51,54.0,7.768800000000001,3.7688000000000006,0
3834,36.66,54.01,54.5,7.8028,2.8028000000000004,0
1162,4.9209422983,54.51,55.0,7.8368,4.8368,0
1164,2.444724275256637,55.01,55.5,7.870800000000001,2.8708000000000005,0
673,1.2223621376283185,55.51,56.0,7.9048,3.9048000000000003,0
1851,3.7770561403726535,56.01,56.5,7.9388000000000005,2.9388000000000005,0
1924,3.8008112104378906,56.51,57.0,7.9728,3.9728000000000003,0
6688,11.64947348618463,57.01,57.5,9.0068,6.0068,0
3507,6.324736743092315,57.51,58.0,9.0408,4.040800000000001,0
1922,3.1623683715461577,58.01,58.5,9.0748,5.0748,0
3515,6.324736743092315,58.51,59.0,9.1088,5.1088000000000005,0
5094,9.487105114638474,59.01,59.5,9.142800000000001,3.1428000000000003,0
3498,6.324736743092315,59.51,60.0,9.1768,6.1768,0
9886,84.78,60.01,60.5,9.2108,3.2108000000000008,0
9894,94.8,60.51,61.0,9.244800000000001,5.244800000000001,0
8054,70.04,61.01,61.5,9.2788,6.2788,0
9903,88.66,61.51,62.0,9.3128,2.3128,0
1440,6.313326388533155,62.01,62.5,9.3468,3.3468,0
3274,16.78331597133289,62.51,63.0,9.3808,2.3808000000000007,0
1462,6.313326388533155,63.01,63.5,9.4148,2.4148000000000005,0
5040,23.25330555413262,63.51,64.0,9.4488,6.4488,0
1479,6.313326388533155,64.01,64.5,9.482800000000001,6.4828,0
919,3.1566631942665775,64.51,65.0,9.5168,4.5168,0
2074,9.469989582799732,65.01,65.5,9.5508,6.550800000000001,0
844,2.552715574804064,65.51,66.0,9.584800000000001,4.5848,0
924,2.529478648916667,66.01,66.5,9.6188,4.6188,0
910,2.529478648916667,66.51,67.0,9.6528,6.6528,0
2081,7.5884359467500015,67.01,67.5,9.6868,5.6868,0
927,2.529478648916667,67.51,68.0,9.7208,4.7208000000000006,0
3242,12.100770208333333,68.01,68.5,9.7548,6.7548,0
11730,42.982926791666664,68.51,69.0,9.7888,5.7888,0
4469,17.941078291666667,69.01,69.5,9.8228,4.8228,0
41038,151.7897269612098,69.51,70.0,9.8568,2.8568,0
13517,50.520205781567874,70.01,70.5,9.8908,2.8908000000000005,0
39875,128.56061734470362,70.51,71.0,9.924800000000001,4.9248,0
6311,23.14554808253085,71.01,71.5,9.9588,6.9588,0
14718,43.28677087883732,71.51,72.0,9.992799999999999,6.9928,0
1480,3.9405642399031104,72.01,72.5,11.0268,4.0268,0
1467,3.85246654933357,72.51,73.0,11.0608,4.0608,0
846,1.8094958333452382,73.01,73.5,11.0948,5.0948,0
1456,3.6189916666904764,73.51,74.0,11.1288,7.1288,0
2083,5.428487500035715,74.01,74.5,11.1628,6.1628,0
5066,13.154860516053335,74.51,75.0,11.1968,5.1968000000000005,0
4504,13.385502951546668,75.01,99999.99,11.2216,0.096,0
5086,13.154860516053335,0.0,0.5,1.4356,0.43560000000000004,0
6252,18.69357564506667,0.51,1.0,1.4768,0.4768,0
837,1.6187279391363638,1.01,1.5,1.5148,0.5147999999999999,0
2333,4.717699688401279,1.51,2.0,1.5516,0.5516,0
2297,4.717699688401279,2.01,2.5,1.5859999999999999,0.586,0
2266,4.717699688401279,2.51,3.0,1.6204,0.6204,0
685,1.7408589019380563,3.01,3.5,1.654,0.654,0
733,1.7408589019380563,3.51,4.0,1.6884000000000001,0.6884,0
1172,3.4817178038761125,4.01,4.5,1.7227999999999999,0.7228,0
2846,10.445153411628338,4.51,5.0,1.7568,0.7567999999999999,0
671,1.7408589019380563,5.01,5.5,1.7872,0.7872,0
2801,9.445153411628338,5.51,6.0,1.8176,0.8176000000000001,0
1154,3.4817178038761125,6.01,6.5,1.8479999999999999,0.848,0
1961,6.963435607752225,6.51,7.0,1.8784,0.8784000000000001,0
3651,12.92687121550445,7.01,7.5,1.9087999999999998,0.9087999999999999,0
724,1.518544516257675,7.51,8.0,1.9392,0.9392,0
679,1.209029018919222,8.01,8.5,1.9695999999999998,0.9695999999999999,0
1308,2.0711190903442818,8.51,9.0,2.0,1.0,0
3292,6.213357271032845,9.01,9.5,3.0304,1.0304,0
3312,6.03192502252541,9.51,10.0,3.0608,1.0608,0
1316,6.24,10.01,10.5,3.0904,1.0903999999999998,0
1321,6.02,10.51,11.0,3.12,1.12,0
1267,4.08,11.01,11.5,3.1496,1.1496,0
1334,4.08,11.51,12.0,3.1792,1.1792,0
1115,2.9542287545279184,12.01,12.5,3.2088,1.2087999999999999,0
6707,23.633830036223348,12.51,13.0,3.2384,1.2384,0
2715,8.862686263583756,13.01,13.5,3.268,1.268,0
1067,2.9542287545279184,13.51,14.0,3.2976,1.2976,0
1080,2.9542287545279184,14.01,14.5,3.3272,1.3272,0
1110,2.9542287545279184,14.51,15.0,3.3568,1.3568,0
4236,14.771143772639592,15.01,15.5,3.3868,1.3868,0
2265,6.66,15.51,16.0,3.4168000000000003,1.4168,0
3031,8.438419173000002,16.01,16.5,3.4468,1.4468,0
4808,15.064031955000003,16.51,17.0,3.4768,1.4768000000000001,0
10188,31.940870301000007,17.01,17.5,3.5068,1.5068000000000001,0
7479,24.502451128000004,17.51,18.0,3.5368000000000004,1.5368000000000002,0
2083,5.625612782000001,18.01,18.5,3.5667999999999997,1.5668,0
11998,35.56648308300001,18.51,19.0,3.5968,1.5968,0
8425,25.315257519000006,19.01,19.5,3.6268000000000002,1.6268,0
1227,2.422461487028777,19.51,20.0,3.6568,1.6568,0
1139,2.422461487028777,20.01,20.5,3.6868,1.6868,0
9886,18.23049520134817,20.51,21.0,3.7168,1.7168,0
9906,16.23049520134817,21.01,21.5,3.7468000000000004,1.7468000000000001,0
9858,18.23049520134817,21.51,22.0,3.7768,1.7768000000000002,0
3467,5.743498400449389,22.01,22.5,3.8068,1.8068,0
25321,39.826703299113326,22.51,23.0,3.8368,1.8368,0
1253,1.5130681319645332,23.01,23.5,3.8668,1.8668,0
4281,6.052272527858133,23.51,24.0,3.8968,1.8968,0
26252,39.33977143107786,24.01,24.5,3.9268,1.9268,0
5308,7.565340659822665,24.51,25.0,3.9568000000000003,1.9568,0
6304,9.078408791787199,25.01,25.5,3.9868,1.9868000000000001,0
8331,11.104545055716265,25.51,26.0,5.0168,2.0168,0
36239,52.47045275072319,26.01,26.5,5.0468,1.0468000000000002,0
14276,23.182953847503462,26.51,27.0,5.0768,1.0768,0
35306,52.95738461875866,27.01,27.5,5.1068,1.1068000000000002,0
9870,13.873203674235295,27.51,28.0,5.1368,3.1368,0
3478,4.291067891411765,28.01,28.5,5.1668,2.1668000000000003,0
6658,8.58213578282353,28.51,29.0,5.1968,2.1968,0
5049,6.436601837117648,29.01,29.5,5.2268,1.2268,0
1889,2.1455339457058824,29.51,30.0,5.2568,1.2568000000000001,0
1876,2.1455339457058824,30.01,30.5,5.2867999999999995,2.2868,0
1877,2.1455339457058824,30.51,31.0,5.316800000000001,3.3168,0
8287,11.727669728529413,31.01,31.5,5.3468,3.3468,0
5044,6.436601837117648,31.51,32.0,5.3768,3.3768000000000002,0
14706,18.30980551135294,32.01,32.5,5.4068000000000005,3.4068,0
10262,6.6157474876997,32.51,33.0,5.4368,2.4368,0
15305,9.92362123154955,33.01,33.5,5.4668,1.4668,0
10256,6.6157474876997,33.51,34.0,5.4968,1.4968,0
10236,6.6157474876997,34.01,34.5,5.5268,2.5268,0
7786,4.961810615774775,34.51,35.0,5.5568,2.5568,0
2799,1.653936871924925,35.01,35.5,5.5868,3.5868,0
10330,6.6157474876997,35.51,36.0,5.6168,1.6168,0
7779,4.961810615774775,36.01,36.5,5.646800000000001,3.6468000000000003,0
10283,6.6157474876997,36.51,37.0,5.6768,2.6768,0
2797,1.653936871924925,37.01,37.5,5.706799999999999,3.7068,0
18729,61.040000000000006,37.51,38.0,5.736800000000001,2.7368,0
119525,409.62,38.01,38.5,5.7668,2.7668,0
12859,42.680409158850395,38.51,39.0,5.7968,1.7968000000000002,0
3864,11.622974045385828,39.01,39.5,5.8268,2.8268,0
1202,2.905743511346457,39.51,40.0,5.8568,1.8568000000000002,0
12919,42.680409158850395,40.01,40.5,5.8868,1.8868,0
1187,2.905743511346457,40.51,41.0,5.9168,3.9168000000000003,0
11066,37.86892213615748,41.01,41.5,5.9468,2.9468,0
1216,2.905743511346457,41.51,42.0,5.9768,1.9768,0
1223,2.905743511346457,42.01,42.5,7.0068,4.0068,0
2055,5.811487022692914,42.51,43.0,7.0367999999999995,3.0368,0
4761,14.528717556732284,43.01,43.5,7.066800000000001,2.0668,0
1136,2.905743511346457,43.51,44.0,7.0968,2.0968,0
5659,18.43446106807874,44.01,44.5,7.1268,2.1268000000000002,0
3866,12.622974045385828,44.51,45.0,7.1568000000000005,4.1568000000000005,0
15835,37.94636363636364,45.01,45.5,7.1908,2.1908000000000003,0
5508,14.315454545454546,45.51,46.0,7.2248,4.2248,0
2886,6.22,46.01,46.5,7.258800000000001,3.2588000000000004,0
18753,27.536931929743975,46.51,47.0,7.2928,3.2928,0
8651,12.88042360442908,47.01,47.5,7.3268,3.3268,0
13737,20.208677767086527,47.51,48.0,7.3608,3.3608000000000002,0
13690,21.208677767086527,48.01,48.5,7.3948,4.3948,0
33859,59.52169441771632,48.51,49.0,7.428800000000001,2.4288000000000007,0
12064,18.43259304620071,49.01,49.5,7.4628,2.4628,0
28796,48.19344025505887,49.51,50.0,7.4968,4.4968,0
15414,24.984762487972343,50.01,50.5,7.530800000000001,4.530800000000001,0
3666,5.552169441771632,50.51,51.0,7.5648,4.5648,0
139689,212.41503183352273,51.01,51.5,7.598800000000001,3.5988000000000007,0
15908,17.94294172400747,51.51,52.0,7.6328000000000005,2.6328000000000005,0
2929,3.1571569540012447,52.01,52.5,7.6668,3.6668000000000003,0
15865,17.94294172400747,52.51,53.0,7.700800000000001,4.700800000000001,0
15908,17.94294172400747,53.01,53.5,7.7348,2.7348000000000003,0
2756,2.054532045599119,53.51,54.0,7.768800000000001,2.7688000000000006,0
2814,2.054532045599119,54.01,54.5,7.8028,4.8028,0
2822,2.054532045599119,54.51,55.0,7.8368,4.8368,0
1982,3.5,55.01,55.5,7.870800000000001,4.870800000000001,0
1987,3.1620246512857144,55.51,56.0,7.9048,4.9048,0
3660,6.324049302571429,56.01,56.5,7.9388000000000005,2.9388000000000005,0
5347,9.486073953857144,56.51,57.0,7.9728,2.9728000000000003,0
8660,16.81012325642857,57.01,57.5,9.0068,4.0068,0
5101,7.7990046174000005,57.51,58.0,9.0408,2.040800000000001,0
9838,16.598009234800003,58.01,58.5,9.0748,4.0748,0
5078,7.7990046174000005,58.51,59.0,9.1088,2.1088000000000005,0
10347,19.192783793548386,59.01,59.5,9.142800000000001,2.1428000000000003,0
1986,3.5321306322580646,59.51,60.0,9.1768,6.1768,0
1960,3.5321306322580646,60.01,60.5,9.2108,2.2108000000000008,0
5341,11.596391896774193,60.51,61.0,9.244800000000001,6.244800000000001,0
15370,28.789175690322583,61.01,61.5,9.2788,3.2788000000000004,0
8662,17.660653161290323,61.51,62.0,9.3128,5.3128,0
3613,7.064261264516129,62.01,62.5,9.3468,6.3468,0
5276,9.596391896774193,62.51,63.0,9.3808,3.3808000000000007,0
1989,3.5321306322580646,63.01,63.5,9.4148,4.4148000000000005,0
5371,8.619598203080669,63.51,64.0,9.4488,5.4488,0
1953,2.873199401026889,64.01,64.5,9.482800000000001,4.4828,0
5341,8.619598203080669,64.51,65.0,9.5168,4.5168,0
1960,2.873199401026889,65.01,65.5,9.5508,6.550800000000001,0
3604,5.746398802053778,65.51,66.0,9.584800000000001,5.5848,0
5338,8.619598203080669,66.01,66.5,9.6188,2.6188000000000002,0
1997,2.873199401026889,66.51,67.0,9.6528,3.6528,0
1099,3.921011412758065,67.01,67.5,9.6868,2.6868,0
1123,3.921011412758065,67.51,68.0,9.7208,5.7208000000000006,0
1534,3.0492532112727275,68.01,68.5,9.7548,5.7548,0
2765,5.002353774176471,68.51,69.0,9.7888,6.7888,0
5284,9.0,69.01,69.5,9.8228,6.8228,0
5313,5.4419913954,69.51,70.0,9.8568,5.8568,0
2775,2.7209956977,70.01,70.5,9.8908,2.8908000000000005,0
1228,0.358449758,70.51,71.0,9.924800000000001,3.9248000000000003,0
1192,2.778091128933333,71.01,71.5,9.9588,3.9588,0
2788,1.86045082285107,71.51,72.0,9.992799999999999,6.9928,0
1913,3.1623683715461577,72.01,72.5,11.0268,4.0268,0
688,1.5229696426571937,72.51,73.0,11.0608,3.0608000000000004,0
737,1.5229696426571937,73.01,73.5,11.0948,7.0948,0
2038,5.047800088001138,73.51,74.0,11.1288,6.1288,0
3453,5.743498400449389,74.01,74.5,11.1628,7.1628,0
1134,0.7897632766190477,74.51,75.0,11.1968,4.1968000000000005,0
1982,1.5795265532380953,75.01,99999.99,11.2216,0.096,0
3030,8.71723053403937,500.0,1999.99,25.584000000000003,0.053200000000000004,0
2075,5.811487022692914,100.0,249.99,25.584000000000003,0.053200000000000004,0
744,5.001012154349816,0.0,99.99,25.584000000000003,0.053200000000000004,0
348,2.1011073223608046,2000.0,99999.99,25.584000000000003,0.053200000000000004,0
332,1.0231428837474745,250.0,499.99,25.584000000000003,0.053200000000000004,0
358,0.6138857302484847,100.0,249.99,17.483600000000003,0.17679999999999998,0
409,37.041956116448404,500.0,1999.99,17.483600000000003,0.17679999999999998,0
438,42.830667267623284,250.0,499.99,17.483600000000003,0.17679999999999998,0
824,133.2242687099192,0.0,99.99,17.483600000000003,0.17679999999999998,0
378,20.309689209399085,2000.0,99999.99,17.483600000000003,0.17679999999999998,0
501,58.77422302349772,500.0,1999.99,3.4552,0.054400000000000004,0
421,26.88711151174886,0.0,99.99,3.4552,0.0824,0
288,11.154844604699543,250.0,499.99,3.4552,0.054400000000000004,0
322,22.309689209399085,2000.0,99999.99,3.4552,0.054400000000000004,0
303,11.662460240271738,100.0,249.99,3.4552,0.056400000000000006,0
409,37.98738072081522,2000.0,99999.99,1.4992,0.0424,0
334,1.654657427480829,100.0,249.99,1.4992,0.0424,0
340,6.618629709923316,250.0,499.99,1.4992,0.0424,0
366,6.618629709923316,500.0,1999.99,1.4992,0.0424,0
320,12.237259419846632,0.0,99.99,1.4992,0.0484,0
371,17.18526015787838,2000.0,99999.99,29.8812,0.15560000000000002,0
281,4.8555780473635135,100.0,249.99,29.8812,0.15560000000000002,0
357,4.791903967763159,0.0,99.99,29.8812,0.15560000000000002,0
378,9.583807935526318,250.0,499.99,29.8812,0.15560000000000002,0
377,4.791903967763159,500.0,1999.99,29.8812,0.15560000000000002,0
366,9.583807935526318,0.01,0.5,1.202,0.20199999999999999,0
281,1.9167615871052635,0.51,1.0,1.2604,0.26039999999999996,0
286,4.791903967763159,1.01,1.5,1.3192,0.3192,0
338,4.791903967763159,1.51,2.0,1.3804,0.3804,0
334,4.791903967763159,2.01,2.5,1.4416,0.4416,0
377,4.791903967763159,70.51,99.99,9.0884,0.08439999999999999,0
303,4.791903967763159,100.0,299.99,11.6272,0.0832,0
333,1.49,300.0,499.99,33.227199999999996,0.08120000000000001,0
304,527.5344724360865,500.0,999.99,53.4272,0.08,0
333,2338.4051259623893,1000.0,9999.99,101.8272,0.07800000000000001,0
370,749.4,0.01,0.5,1.4264000000000001,0.4264,0
318,360.8,0.51,1.0,1.4396,0.4396,0
402,68.03527589513327,1.01,1.5,1.4824,0.4824,0
263,2.5435559554383236,1.51,2.0,1.5252,0.5252,0
307,6.585507246376811,2.01,2.5,1.568,0.568,0
259,6.585507246376811,70.51,99.99,7.804400000000001,0.08040000000000001,0
259,0.5347826086956522,100.0,299.99,11.2272,0.07919999999999999,0
315,1.6711872496183728,300.0,499.99,31.267200000000003,0.07800000000000001,0
299,0.8355936248091864,500.0,999.99,49.4272,0.076,0
318,1.1095990951829953,1000.0,9999.99,95.22720000000001,0.0744,0
282,2.0576939831864633,100.0,249.99,25.3328,0.1076,0
345,3.0865409747796955,2000.0,99999.99,25.3328,0.1076,0
382,11.31731690752555,500.0,1999.99,25.3328,0.1076,0
256,2.0576939831864633,250.0,499.99,25.3328,0.1076,0
280,4.115387966372927,0.0,99.99,25.3328,0.1076,0
336,1.0288469915932317,0.0,99.99,7.187200000000001,0.08560000000000001,0
301,3.0865409747796955,100.0,249.99,7.187200000000001,0.07200000000000001,0
287,1.0288469915932317,250.0,499.99,7.187200000000001,0.07200000000000001,0
328,1.0288469915932317,2000.0,99999.99,7.187200000000001,0.07200000000000001,0
295,1.0288469915932317,500.0,1999.99,7.187200000000001,0.07200000000000001,0
248,2.0576939831864633,2000.0,99999.99,5.3872,0.05720000000000001,0
310,1.0288469915932317,0.0,99.99,5.3872,0.0708,0
265,1.0288469915932317,100.0,249.99,5.3872,0.05720000000000001,0
366,7.201928941152622,500.0,1999.99,5.027200000000001,0.0592,0
292,1.0288469915932317,2000.0,99999.99,5.027200000000001,0.0592,0
265,2.0576939831864633,0.0,99.99,1.7872,0.07279999999999999,0
383,12.375010890712012,250.0,499.99,5.3872,0.05720000000000001,0
338,1.0288469915932317,250.0,499.99,5.027200000000001,0.0592,0
321,2.0576939831864633,500.0,1999.99,1.7872,0.0592,0
289,3.860521708203332,100.0,249.99,1.7872,0.0592,0
332,15.442086832813327,250.0,499.99,1.7872,0.0592,0
330,3.860521708203332,100.0,249.99,5.027200000000001,0.0592,0
311,3.860521708203332,2000.0,99999.99,1.7872,0.0592,0
295,3.860521708203332,500.0,1999.99,5.3872,0.05720000000000001,0
292,3.860521708203332,0.0,99.99,5.027200000000001,0.07640000000000001,0
273,3.860521708203332,0.0,99.99,11.6072,0.1616,0
305,3.860521708203332,100.0,249.99,11.6072,0.1096,0
286,3.860521708203332,2000.0,99999.99,11.6072,0.09359999999999999,0
351,3.860521708203332,500.0,1999.99,11.6072,0.0964,0
443,25.16313024921999,250.0,499.99,11.6072,0.0984,0
416,27.884173665626655,500.0,1999.99,7.0072,0.07640000000000001,0
319,3.860521708203332,0.0,99.99,7.0072,0.1416,0
287,3.860521708203332,250.0,499.99,7.0072,0.08040000000000001,0
337,3.860521708203332,2000.0,99999.99,7.0072,0.0744,0
271,3.860521708203332,100.0,249.99,7.0072,0.08560000000000001,0
311,3.860521708203332,0.01,0.5,1.73996,0.73996,0
300,3.860521708203332,0.51,1.0,1.827304,0.827304,0
330,3.860521708203332,1.01,1.5,1.901464,0.901464,0
297,3.860521708203332,1.51,2.0,1.980156,0.9801559999999999,0
301,3.860521708203332,2.01,2.5,3.056376,1.056376,0
282,3.860521708203332,20.51,44.99,7.0813559999999995,0.172636,0
346,7.721043416406664,45.0,70.99,11.589200000000002,0.1508,0
346,3.860521708203332,71.0,99.99,17.130004,0.141324,0
322,3.860521708203332,100.0,299.99,21.5744,0.132672,0
325,1.4968242423223732,300.0,499.99,63.6688,0.132672,0
290,1.4968242423223732,500.0,999.99,105.76320000000001,0.132672,0
337,4.49047272696712,1000.0,9999.99,211.4992,0.132672,0
285,2.9936484846447464,0.01,0.5,1.734604,0.7346039999999999,0
252,2.9936484846447464,0.51,1.0,1.823184,0.8231839999999999,0
305,4.49047272696712,1.01,1.5,1.911764,0.911764,0
320,1.4968242423223732,1.51,2.0,3.000344,1.0003440000000001,0
328,1.4968242423223732,2.01,2.5,3.088924,1.088924,0
288,1.4968242423223732,20.51,44.99,5.8304480000000005,0.160688,0
308,10.974593938578986,45.0,70.99,11.14424,0.140912,0
299,1.4968242423223732,71.0,99.99,15.486460000000001,0.13226000000000002,0
275,1.4968242423223732,100.0,299.99,19.709200000000003,0.12402,0
312,1.4968242423223732,300.0,499.99,59.0732,0.12402,0
302,1.4968242423223732,500.0,999.99,97.4372,0.12402,0
328,1.4968242423223732,1000.0,9999.99,193.8472,0.12402,0
251,6.574137931034483,0.0,5000.0,425.0272,128.02720000000002,1
271,1.2522727272727272,250.0,499.99,27.563200000000002,0.3472,0
315,1.6,2000.0,99999.99,27.563200000000002,0.2692,0
355,23.193181818181817,0.0,99.99,27.563200000000002,0.3472,0
280,1.0821613744014777,100.0,249.99,27.563200000000002,0.3472,0
692,282.9655172413793,500.0,1999.99,27.563200000000002,0.2692,0
295,1.6679243437050615,2000.0,99999.99,25.4672,0.2884,0
275,0.8285714285714285,100.0,249.99,25.4672,0.2884,0
321,1.6,250.0,499.99,25.4672,0.2884,0
353,8.24,500.0,1999.99,25.4672,0.2884,0
301,1.9,0.0,99.99,25.4672,0.3104,0
324,3.0939393939393947,2000.0,99999.99,19.6672,0.2756,0
366,27.90476190476191,250.0,499.99,19.6672,0.2756,0
405,33.0,500.0,1999.99,19.6672,0.2756,0
297,1.0445555671136264,0.0,99.99,19.6672,0.2976,0
261,0.5222777835568132,100.0,249.99,19.6672,0.2756,0
319,2.1,0.0,5000.0,31.278399999999998,21.278399999999998,1
341,4.2,0.0,0.5,1.396,0.396,0
344,7.3951515151515155,0.51,1.0,1.4447999999999999,0.4448,0
264,3.6975757575757577,1.01,1.5,1.4928,0.4928,0
440,38.97575757575758,1.51,2.0,1.5415999999999999,0.5416,0
1321,170.8787878787879,2.01,2.5,1.5899999999999999,0.59,0
301,5.024169741697417,2.51,3.0,1.6383999999999999,0.6384,0
352,14.0,3.01,3.5,1.6872,0.6872,0
333,12.148275862068965,3.51,4.0,1.7356,0.7356,0
310,6.651700608797677,4.01,4.5,1.784,0.784,0
329,1.6902572253872548,4.51,5.0,1.832,0.8320000000000001,0
287,0.7444444444444445,5.01,5.5,1.8476,0.8476,0
289,5.4,5.51,6.0,1.8632,0.8632,0
327,3.335848687410123,6.01,6.5,1.8788,0.8787999999999999,0
332,2.5,6.51,7.0,1.8944,0.8944,0
310,4.3,7.01,7.5,1.9100000000000001,0.91,0
253,4.2,7.51,8.0,1.9256,0.9256,0
352,8.4,8.01,8.5,1.9412,0.9412,0
343,23.0,8.51,9.0,1.9567999999999999,0.9567999999999999,0
240,1.752644177303778,9.01,9.5,1.9724,0.9723999999999999,0
295,0.9674636373375052,9.51,10.0,1.988,0.988,0
236,0.9674636373375052,10.01,10.5,1.9948000000000001,0.9948,0
317,2.9023909120125158,10.51,11.0,3.0016,1.0016,0
281,0.6797843665768193,11.01,11.5,3.0084,1.0084,0
386,31.59090909090909,11.51,12.0,3.0152,1.0151999999999999,0
317,11.599999999999998,12.01,12.5,3.0220000000000002,1.022,0
348,1.7409259451893775,12.51,13.0,3.0288,1.0288,0
335,0.2611388917784066,13.01,13.5,3.0356,1.0356,0
251,2.1,13.51,14.0,3.0423999999999998,1.0424,0
1289,184.8787878787879,14.01,14.5,3.0492,1.0492,0
1317,180.8787878787879,14.51,15.0,3.056,1.056,0
277,4.2,15.01,15.5,3.0700000000000003,1.07,0
321,17.8,15.51,16.0,3.084,1.084,0
873,182.89428044280444,16.01,16.5,3.098,1.0979999999999999,0
250,3.349446494464945,16.51,17.0,3.112,1.112,0
340,14.39778597785978,17.01,17.5,3.126,1.126,0
654,144.9778597785978,17.51,18.0,3.1399999999999997,1.14,0
310,1.6747232472324725,18.01,18.5,3.154,1.1540000000000001,0
416,43.85,18.51,19.0,3.168,1.168,0
420,52.8,19.01,19.5,3.182,1.182,0
325,0.8355936248091864,19.51,20.0,3.1959999999999997,1.196,0
309,0.8355936248091864,20.01,20.5,3.21,1.21,0
324,1.6,20.51,21.0,3.224,1.224,0
272,2.1,21.01,21.5,3.238,1.238,0
1140,278.14719271623676,21.51,22.0,3.252,1.252,0
834,191.76479514415783,22.01,22.5,3.266,1.266,0
728,117.0,22.51,23.0,3.2800000000000002,1.28,0
762,137.0,23.01,23.5,3.294,1.294,0
667,102.5,23.51,24.0,3.308,1.308,0
761,138.4,24.01,24.5,3.322,1.3219999999999998,0
305,11.2,24.51,25.0,3.336,1.3359999999999999,0
265,1.08,25.01,25.5,3.3848,1.3847999999999998,0
311,2.0,25.51,26.0,3.4335999999999998,1.4335999999999998,0
333,0.6270101051985135,26.01,26.5,3.4824,1.4824000000000002,0
310,1.254020210397027,26.51,27.0,3.5312,1.5312000000000001,0
299,1.254020210397027,27.01,27.5,3.58,1.58,0
269,0.6270101051985135,27.51,28.0,3.6288,1.6288,0
296,2.508040420794054,28.01,28.5,3.6776,1.6776,0
237,1.1095990951829953,28.51,29.0,3.7264,1.7264,0
432,75.9047429965287,29.01,29.5,3.7752,1.7752000000000001,0
517,119.95990951829953,29.51,30.0,3.824,1.824,0
947,325.95530729169894,30.01,30.5,3.8728,1.8728,0
347,39.06197059344735,30.51,31.0,3.9215999999999998,1.9216,0
766,259.39977379574884,31.01,31.5,3.9703999999999997,1.9704,0
742,268.5365891776379,31.51,32.0,5.0192,1.0191999999999997,0
560,175.4398642774493,32.01,32.5,5.068,3.068,0
250,2.773997737957488,32.51,33.0,5.1168,2.1168,0
286,0.5547995475914976,33.01,33.5,5.1655999999999995,3.1656,0
606,181.4398642774493,33.51,34.0,5.2143999999999995,3.2144,0
785,259.3241950589484,34.01,34.5,5.263199999999999,2.2632,0
260,0.5547995475914976,34.51,35.0,5.311999999999999,1.3119999999999998,0
251,1.9,35.01,35.5,5.3608,3.3608000000000002,0
319,4.7,35.51,36.0,5.4096,1.4096000000000002,0
374,13.066666666666668,36.01,36.5,5.4584,2.4584,0
327,6.4,36.51,37.0,5.5072,1.5072,0
271,3.6975757575757577,37.01,37.5,5.556,2.556,0
289,3.3,37.51,38.0,5.6048,3.6048,0
312,5.486231884057972,38.01,38.5,5.6536,1.6536,0
397,20.944927536231887,38.51,39.0,5.7024,2.7024,0
353,5.486231884057972,39.01,39.5,5.7512,2.7512,0
323,11.972463768115944,39.51,40.0,5.8,3.8,0
405,35.4036231884058,40.01,40.5,5.848800000000001,3.8488000000000007,0
536,56.34855072463769,40.51,41.0,5.897600000000001,1.8976000000000006,0
278,5.486231884057972,41.01,41.5,5.946400000000001,1.9464000000000006,0
377,22.944927536231887,41.51,42.0,5.9952000000000005,1.9952000000000005,0
309,9.972463768115944,42.01,42.5,7.0440000000000005,4.0440000000000005,0
298,5.486231884057972,42.51,43.0,7.0928,2.0928000000000004,0
334,5.486231884057972,43.01,43.5,7.1416,3.1416000000000004,0
262,5.486231884057972,43.51,44.0,7.1904,4.1904,0
327,11.972463768115944,44.01,44.5,7.2392,4.2392,0
315,5.486231884057972,44.51,45.0,7.288,2.2880000000000003,0
386,22.6,45.01,45.5,7.3276,3.3276000000000003,0
371,20.6,45.51,46.0,7.3672,3.3672000000000004,0
317,21.6,46.01,46.5,7.4068000000000005,4.4068000000000005,0
349,20.6,46.51,47.0,7.446400000000001,3.4464000000000006,0
320,25.19545454545455,47.01,47.5,7.486000000000001,4.486000000000001,0
378,27.19545454545455,47.51,48.0,7.5256,4.5256,0
326,27.19545454545455,48.01,48.5,7.565200000000001,2.5652000000000004,0
292,11.4,48.51,49.0,7.6048,3.6048,0
339,24.8,49.01,49.5,7.644400000000001,2.6444000000000005,0
300,6.2,49.51,50.0,7.684,4.684,0
334,24.4,50.01,50.5,7.7236,4.7236,0
336,6.1,50.51,51.0,7.7632,3.7632000000000003,0
318,6.1,51.01,51.5,7.8028,4.8028,0
335,6.0,51.51,52.0,7.8424,4.8424,0
14293,12.5685653925279,52.01,52.5,7.882000000000001,4.882000000000001,0
3301,8.018367116215119,52.51,53.0,7.9216,2.9216,0
2301,5.345578077476746,53.01,53.5,7.9612,4.9612,0
4263,10.691156154953491,53.51,54.0,9.000800000000002,5.000800000000001,0
3329,8.018367116215119,54.01,54.5,9.0404,3.0404,0
5727,16.143400264003418,54.51,55.0,9.08,6.08,0
3858,9.095600176002277,55.01,55.5,9.1196,5.1196,0
3898,11.095600176002277,55.51,56.0,9.1592,2.1592000000000002,0
9264,26.239000440005693,56.01,56.5,9.1988,6.1988,0
29043,52.6914856040445,56.51,57.0,9.2384,6.2384,0
101069,171.92019961415576,57.01,57.5,9.278,6.2780000000000005,0
43484,74.53722840606676,57.51,58.0,9.3176,3.3176000000000005,0
337,2.1900301943799745,58.01,58.5,9.3572,4.357200000000001,0
286,2.7436123348017616,58.51,59.0,9.396799999999999,5.3968,0
317,5.732336955316281,59.01,59.5,9.4364,5.436400000000001,0
262,2.211425558445785,59.51,60.0,9.475999999999999,5.476,0
346,9.726215773577504,60.01,60.5,9.5156,6.5156,0
366,5.363107886788752,60.51,61.0,9.5552,6.5552,0
378,10.726215773577504,61.01,61.5,9.5948,6.5948,0
290,5.363107886788752,61.51,62.0,9.6344,5.6344,0
358,11.726215773577504,62.01,62.5,9.674,5.674,0
297,5.363107886788752,62.51,63.0,9.7136,4.7136000000000005,0
365,10.726215773577504,63.01,63.5,9.7532,3.7532000000000005,0
317,5.363107886788752,63.51,64.0,9.7928,4.792800000000001,0
262,0.5363107886788753,64.01,64.5,9.8324,2.8324,0
296,5.363107886788752,64.51,65.0,9.872,3.8720000000000008,0
374,10.726215773577504,65.01,65.5,9.9116,5.9116,0
375,5.363107886788752,65.51,66.0,9.9512,2.9512,0
361,10.726215773577504,66.01,66.5,9.9908,2.9908,0
375,5.363107886788752,66.51,67.0,11.0304,4.0304,0
408,10.726215773577504,67.01,67.5,11.07,6.07,0
348,9.726215773577504,67.51,68.0,11.1096,6.1096,0
296,5.363107886788752,68.01,68.5,11.1492,7.1492,0
404,11.726215773577504,68.51,69.0,11.1888,5.1888,0
371,11.726215773577504,69.01,69.5,11.2284,7.228400000000001,0
334,11.726215773577504,69.51,70.0,11.268,4.268000000000001,0
418,10.726215773577504,70.01,70.5,11.3076,6.3076,0
404,16.33530127222992,70.51,71.0,11.3472,4.3472,0
345,4.567551104150948,71.01,71.5,11.386800000000001,3.386800000000001,0
321,4.567551104150948,71.51,72.0,11.426400000000001,4.4264,0
335,4.567551104150948,72.01,72.5,11.466000000000001,4.466,0
375,4.567551104150948,72.51,73.0,11.505600000000001,7.5056,0
349,4.567551104150948,73.01,73.5,11.5452,4.5451999999999995,0
295,4.567551104150948,73.51,74.0,11.584800000000001,6.5848,0
312,4.567551104150948,74.01,74.5,11.624400000000001,7.6244000000000005,0
356,4.567551104150948,74.51,75.0,11.664,7.664,0
319,4.567551104150948,75.01,99999.99,11.7048,0.1024,0
311,4.567551104150948,0.01,0.5,1.202,0.20199999999999999,0
410,9.135102208301896,0.51,1.0,1.2604,0.26039999999999996,0
315,4.567551104150948,1.01,1.5,1.3192,0.3192,0
318,4.567551104150948,1.51,2.0,1.3804,0.3804,0
289,4.567551104150948,2.01,2.5,1.4416,0.4416,0
313,4.567551104150948,70.51,99.99,9.0884,0.08439999999999999,0
380,4.567551104150948,100.0,299.99,11.6272,0.0832,0
366,4.567551104150948,300.0,499.99,33.227199999999996,0.08120000000000001,0
369,4.567551104150948,500.0,999.99,53.4272,0.08,0
312,4.567551104150948,1000.0,9999.99,101.8272,0.07800000000000001,0
353,4.567551104150948,0.01,0.5,1.4264000000000001,0.4264,0
376,4.567551104150948,0.51,1.0,1.4396,0.4396,0
357,4.567551104150948,1.01,1.5,1.4824,0.4824,0
364,4.567551104150948,1.51,2.0,1.5252,0.5252,0
287,4.567551104150948,2.01,2.5,1.568,0.568,0
312,4.567551104150948,70.51,99.99,7.804400000000001,0.08040000000000001,0
294,4.567551104150948,100.0,299.99,11.2272,0.07919999999999999,0
323,4.567551104150948,300.0,499.99,31.267200000000003,0.07800000000000001,0
331,4.567551104150948,500.0,999.99,49.4272,0.076,0
296,4.567551104150948,1000.0,9999.99,95.22720000000001,0.0744,0
382,4.567551104150948,300.0,499.99,33.467200000000005,0.08200000000000002,0
364,4.567551104150948,500.0,999.99,55.4272,0.08200000000000002,0
378,4.560381447015651,1000.0,9999.99,109.8272,0.08200000000000002,0
349,4.560381447015651,300.0,499.99,35.6672,0.086,0
296,4.560381447015651,500.0,999.99,59.4272,0.086,0
293,4.560381447015651,1000.0,9999.99,117.8272,0.086,0
357,4.560381447015651,100.0,299.99,11.987200000000001,0.0868,0
342,4.560381447015651,70.51,99.99,9.4292,0.0892,0
373,4.560381447015651,100.0,299.99,13.3872,0.0908,0
367,4.521704643092323,70.51,99.99,9.7416,0.09359999999999999,0
389,9.043409286184646,0.01,0.5,1.43,0.43,0
361,4.521704643092323,0.51,1.0,1.43,0.43,0
347,9.043409286184646,0.01,0.5,1.4512,0.4512,0
325,4.521704643092323,0.51,1.0,1.4512,0.4512,0
369,4.521704643092323,1.01,1.5,1.4512,0.4512,0
406,9.043409286184646,1.51,2.0,1.4512,0.4512,0
333,4.521704643092323,2.01,2.5,1.4512,0.4512,0
289,4.521704643092323,1.01,1.5,1.5219999999999998,0.5219999999999999,0
379,4.521704643092323,1.51,2.0,1.6139999999999999,0.614,0
368,4.521704643092323,2.01,2.5,1.7064,0.7064,0
382,9.043409286184646,75.01,99999.99,11.2216,0.096,0
296,4.521704643092323,0.0,0.5,1.4356,0.43560000000000004,0
367,4.521704643092323,0.51,1.0,1.4768,0.4768,0
377,4.521704643092323,1.01,1.5,1.5148,0.5147999999999999,0
404,9.043409286184646,1.51,2.0,1.5516,0.5516,0
372,4.521704643092323,2.01,2.5,1.5859999999999999,0.586,0
361,4.521704643092323,2.51,3.0,1.6204,0.6204,0
338,4.521704643092323,3.01,3.5,1.654,0.654,0
314,4.521704643092323,3.51,4.0,1.6884000000000001,0.6884,0
363,4.521704643092323,4.01,4.5,1.7227999999999999,0.7228,0
335,9.043409286184646,4.51,5.0,1.7568,0.7567999999999999,0
334,9.043409286184646,5.01,5.5,1.7872,0.7872,0
309,4.521704643092323,5.51,6.0,1.8176,0.8176000000000001,0
397,9.043409286184646,6.01,6.5,1.8479999999999999,0.848,0
330,4.521704643092323,6.51,7.0,1.8784,0.8784000000000001,0
313,4.521704643092323,7.01,7.5,1.9087999999999998,0.9087999999999999,0
359,9.043409286184646,7.51,8.0,1.9392,0.9392,0
339,4.521704643092323,8.01,8.5,1.9695999999999998,0.9695999999999999,0
295,4.521704643092323,8.51,9.0,2.0,1.0,0
298,4.521704643092323,25.51,26.0,5.0168,1.0168,0
401,9.043409286184646,9.01,9.5,3.0304,1.0304,0
375,4.521704643092323,9.51,10.0,3.0608,1.0608,0
327,4.521704643092323,10.01,10.5,3.0904,1.0903999999999998,0
351,4.521704643092323,10.51,11.0,3.12,1.12,0
317,4.521704643092323,27.51,28.0,5.1368,2.1368,0
300,4.521704643092323,11.01,11.5,3.1496,1.1496,0
523,16.936531067828096,11.51,12.0,3.1792,1.1792,0
704,33.87306213565619,28.51,29.0,5.1968,3.1968,0
520,16.936531067828096,12.01,12.5,3.2088,1.2087999999999999,0
471,12.452398300871073,12.51,13.0,3.2384,1.2384,0
529,17.936531067828096,13.01,13.5,3.268,1.268,0
1807,134.52398300871073,30.01,30.5,5.2867999999999995,3.2868,0
343,4.40449246755705,13.51,14.0,3.2976,1.2976,0
294,4.40449246755705,30.51,31.0,5.316800000000001,1.3168000000000002,0
289,4.40449246755705,14.01,14.5,3.3272,1.3272,0
305,4.40449246755705,31.01,31.5,5.3468,1.3468,0
365,4.40449246755705,14.51,15.0,3.3568,1.3568,0
320,4.40449246755705,15.01,15.5,3.3868,1.3868,0
295,4.40449246755705,15.51,16.0,3.4168000000000003,1.4168,0
458,17.6179698702282,32.51,33.0,5.4368,1.4367999999999999,0
528,16.6179698702282,16.01,16.5,3.4468,1.4468,0
310,4.40449246755705,33.01,33.5,5.4668,3.4668,0
320,4.40449246755705,16.51,17.0,3.4768,1.4768000000000001,0
330,4.40449246755705,17.01,17.5,3.5068,1.5068000000000001,0
288,4.40449246755705,17.51,18.0,3.5368000000000004,1.5368000000000002,0
325,4.40449246755705,34.51,35.0,5.5568,3.5568,0
290,4.40449246755705,18.01,18.5,3.5667999999999997,1.5668,0
341,4.40449246755705,18.51,19.0,3.5968,1.5968,0
296,4.40449246755705,35.51,36.0,5.6168,2.6168,0
299,4.40449246755705,19.01,19.5,3.6268000000000002,1.6268,0
350,4.40449246755705,19.51,20.0,3.6568,1.6568,0
319,4.40449246755705,36.51,37.0,5.6768,1.6768,0
368,4.40449246755705,20.01,20.5,3.6868,1.6868,0
301,4.40449246755705,20.51,21.0,3.7168,1.7168,0
332,4.40449246755705,37.51,38.0,5.736800000000001,3.7368,0
355,4.40449246755705,21.01,21.5,3.7468000000000004,1.7468000000000001,0
374,4.40449246755705,21.51,22.0,3.7768,1.7768000000000002,0
342,4.40449246755705,22.01,22.5,3.8068,1.8068,0
528,17.6179698702282,22.51,23.0,3.8368,1.8368,0
381,4.40449246755705,23.01,23.5,3.8668,1.8668,0
295,4.40449246755705,23.51,24.0,3.8968,1.8968,0
285,4.40449246755705,24.01,24.5,3.9268,1.9268,0
321,4.40449246755705,24.51,25.0,3.9568000000000003,1.9568,0
348,4.40449246755705,41.51,42.0,5.9768,1.9768,0
344,4.40449246755705,25.01,25.5,3.9868,1.9868000000000001,0
290,4.40449246755705,43.51,44.0,7.0968,2.0968,0
327,4.40449246755705,27.01,27.5,5.1068,3.1068000000000002,0
303,4.40449246755705,59.51,60.0,9.1768,5.1768,0
448,17.6179698702282,29.01,29.5,5.2268,3.2268,0
353,4.40449246755705,31.51,32.0,5.3768,2.3768000000000002,0
378,4.40449246755705,48.01,48.5,7.3948,2.3948,0
298,4.40449246755705,32.01,32.5,5.4068000000000005,1.4068,0
310,4.40449246755705,33.51,34.0,5.4968,2.4968,0
303,4.40449246755705,64.51,65.0,9.5168,2.5168,0
378,4.40449246755705,35.01,35.5,5.5868,3.5868,0
342,4.40449246755705,51.01,51.5,7.598800000000001,3.5988000000000007,0
400,8.189049584927039,66.01,66.5,9.6188,2.6188000000000002,0
384,7.447978763102167,36.01,36.5,5.646800000000001,3.6468000000000003,0
430,7.447978763102167,52.01,52.5,7.6668,2.6668000000000003,0
438,15.895957526204334,37.01,37.5,5.706799999999999,2.7068,0
563,24.3439362893065,38.01,38.5,5.7668,1.7668,0
618,22.3439362893065,38.51,39.0,5.7968,1.7968000000000002,0
650,29.79450874925531,39.01,39.5,5.8268,3.8268,0
933,41.191763123882964,40.01,40.5,5.8868,2.8868,0
546,22.595881561941482,70.01,70.5,9.8908,4.8908000000000005,0
886,42.191763123882964,71.01,71.5,9.9588,5.9588,0
785,36.99313593656914,42.01,42.5,7.0068,3.0068,0
653,28.79450874925531,42.51,43.0,7.0367999999999995,3.0368,0
1253,77.98627187313828,57.51,58.0,9.0408,3.040800000000001,0
611,23.595881561941482,26.01,26.5,5.0468,3.0468,0
831,36.99313593656914,26.51,27.0,5.0768,3.0768,0
408,6.999875724826139,59.01,59.5,9.142800000000001,6.1428,0
372,5.723080955896898,44.51,45.0,7.1568000000000005,4.1568000000000005,0
403,5.723080955896898,28.01,28.5,5.1668,2.1668000000000003,0
433,7.982367758186397,29.51,30.0,5.2568,2.2568,0
330,5.165537635680365,61.01,61.5,9.2788,6.2788,0
332,5.165537635680365,46.51,47.0,7.2928,3.2928,0
304,5.165537635680365,61.51,62.0,9.3128,4.3128,0
326,5.165537635680365,47.01,47.5,7.3268,4.3268,0
360,4.648983872112328,47.51,48.0,7.3608,2.3608000000000002,0
328,5.165537635680365,49.01,49.5,7.4628,3.4628,0
259,1.8410715634611585,34.01,34.5,5.5268,1.5268000000000002,0
297,1.8410715634611585,50.01,50.5,7.530800000000001,2.5308000000000006,0
254,1.8410715634611585,51.51,52.0,7.6328000000000005,4.6328000000000005,0
337,1.8410715634611585,53.51,54.0,7.768800000000001,3.7688000000000006,0
321,4.602678908652896,68.51,69.0,9.7888,2.7888,0
309,4.602678908652896,54.01,54.5,7.8028,4.8028,0
291,1.8410715634611585,69.01,69.5,9.8228,5.8228,0
563,25.774492439869725,39.51,40.0,5.8568,2.8568000000000002,0
284,2.405619294387841,55.01,55.5,7.870800000000001,3.8708000000000005,0
328,4.2701211340017595,55.51,56.0,7.9048,2.9048000000000003,0
355,4.2701211340017595,40.51,41.0,5.9168,1.9168000000000003,0
305,4.2701211340017595,56.01,56.5,7.9388000000000005,3.9388000000000005,0
294,4.2701211340017595,41.01,41.5,5.9468,2.9468,0
379,4.2701211340017595,56.51,57.0,7.9728,4.9728,0
310,4.2701211340017595,71.51,72.0,9.992799999999999,2.9928,0
364,4.2701211340017595,57.01,57.5,9.0068,5.0068,0
305,4.2701211340017595,72.01,72.5,11.0268,6.0268,0
345,4.2701211340017595,72.51,73.0,11.0608,7.0608,0
340,4.2701211340017595,43.01,43.5,7.066800000000001,3.0668,0
360,4.176227925934496,44.01,44.5,7.1268,4.1268,0
325,4.176227925934496,74.01,74.5,11.1628,6.1628,0
338,4.176227925934496,45.01,45.5,7.1908,4.1908,0
334,4.176227925934496,60.01,60.5,9.2108,6.210800000000001,0
327,4.176227925934496,45.51,46.0,7.2248,4.2248,0
339,4.176227925934496,60.51,61.0,9.244800000000001,4.244800000000001,0
308,4.176227925934496,46.01,46.5,7.258800000000001,3.2588000000000004,0
373,7.934333806681792,62.51,63.0,9.3808,5.380800000000001,0
299,3.824308669118026,48.51,49.0,7.428800000000001,2.4288000000000007,0
274,1.5297234676472105,64.01,64.5,9.482800000000001,4.4828,0
314,2.2945852014708157,49.51,50.0,7.4968,3.4968,0
295,3.824308669118026,65.01,65.5,9.5508,5.550800000000001,0
287,1.5297234676472105,50.51,51.0,7.5648,3.5648,0
353,3.824308669118026,65.51,66.0,9.584800000000001,3.5848000000000004,0
313,1.5297234676472105,52.51,53.0,7.700800000000001,4.700800000000001,0
312,2.2945852014708157,53.01,53.5,7.7348,2.7348000000000003,0
311,1.5297234676472105,54.51,55.0,7.8368,2.8368,0
289,3.824308669118026,63.01,63.5,9.4148,3.4148000000000005,0
292,1.5297234676472105,63.51,64.0,9.4488,6.4488,0
258,1.5297234676472105,66.51,67.0,9.6528,3.6528,0
318,1.5297234676472105,67.01,67.5,9.6868,3.6868,0
403,3.9361288440386453,67.51,68.0,9.7208,3.7208000000000006,0
1250,40.83197875720278,68.01,68.5,9.7548,4.7548,0
5266,196.400295080104,70.51,71.0,9.924800000000001,2.9248000000000003,0
372,1.84400295080104,58.01,58.5,9.0748,2.0747999999999998,0
10328,347.800590160208,58.51,59.0,9.1088,3.1088000000000005,0
2258,61.98525580272438,73.51,74.0,11.1288,4.1288,0
1259,17.03931560511698,62.01,62.5,9.3468,4.3468,0
423,1.275534069141658,69.51,70.0,9.8568,6.8568,0
459,2.350422329654291,73.01,73.5,11.0948,4.0948,0
329,1.1608793213536437,74.51,75.0,11.1968,3.1968000000000005,0
388,1.3615251299826685,0.01,0.5,1.73996,0.73996,0
581,3.68,0.51,1.0,1.827304,0.827304,0
610,3.62,1.01,1.5,1.901464,0.901464,0
2737,22.66,1.51,2.0,1.980156,0.9801559999999999,0
1914,12.22,2.01,2.5,3.056376,1.056376,0
2851,19.46,20.51,44.99,7.0813559999999995,0.172636,0
2802,19.66,45.0,70.99,11.589200000000002,0.1508,0
854,70.68,71.0,99.99,17.130004,0.141324,0
641,57.22,100.0,299.99,21.5744,0.132672,0
2257,15.079999999999998,300.0,499.99,63.6688,0.132672,0
829,4.48,500.0,999.99,105.76320000000001,0.132672,0
419,0.3219311267693979,1000.0,9999.99,211.4992,0.132672,0
20282,48.42,0.01,0.5,1.734604,0.7346039999999999,0
20322,49.34,0.51,1.0,1.823184,0.8231839999999999,0
328,0.25206762028608587,1.01,1.5,1.911764,0.911764,0
280,0.08936096718480138,1.51,2.0,3.000344,1.0003440000000001,0
474,1.2017683961916008,2.01,2.5,3.088924,1.088924,0
569,1.991881319654587,20.51,44.99,5.8304480000000005,0.160688,0
584,24.837755520754744,45.0,70.99,11.14424,0.140912,0
647,5.775454545454545,71.0,99.99,15.486460000000001,0.13226000000000002,0
2265,8.192611464968154,100.0,299.99,19.709200000000003,0.12402,0
2265,8.192611464968154,300.0,499.99,59.0732,0.12402,0
316,4.709351753453772,500.0,999.99,97.4372,0.12402,0
354,4.709351753453772,1000.0,9999.99,193.8472,0.12402,0
350,4.709351753453772,0.0,0.5,1.5584,0.5584,0
396,8.04,0.51,1.0,1.6288,0.6287999999999999,0
812,39.51273677335075,1.01,1.5,1.6987999999999999,0.6988,0
441,15.0050947093403,1.51,2.0,1.7692,0.7692,0
801,37.51273677335075,2.01,2.5,1.8392,0.8392000000000001,0
696,33.010189418680596,2.51,3.0,1.9092,0.9092,0
692,33.0,3.01,3.5,1.9796,0.9795999999999999,0
885,49.28,3.51,4.0,3.0496,1.0495999999999999,0
777,38.08,4.01,4.5,3.1196,1.1196,0
750,39.98,4.51,5.0,3.1896,1.1896,0
802,39.96,5.01,5.5,3.2116,1.2116,0
762,38.94,5.51,6.0,3.2336,1.2336,0
734,39.92,6.01,6.5,3.2556000000000003,1.2556,0
805,37.92,6.51,7.0,3.2776,1.2776,0
883,40.52,7.01,7.5,3.2996,1.2996,0
844,37.44,7.51,8.0,3.3216,1.3215999999999999,0
687,32.04,8.01,8.5,3.3436,1.3436,0
760,31.96,8.51,9.0,3.3655999999999997,1.3656,0
1796,146.58599898746445,9.01,9.5,3.3876,1.3876,0
1735,133.58599898746445,9.51,10.0,3.4096,1.4096000000000002,0
1832,123.58599898746445,10.01,10.5,3.4192,1.4191999999999998,0
750,49.19533299582149,10.51,11.0,3.4288,1.4287999999999998,0
2284,170.78133198328595,11.01,11.5,3.4384,1.4384000000000001,0
1812,126.58599898746445,11.51,12.0,3.4480000000000004,1.4480000000000002,0
795,41.19533299582149,12.01,12.5,3.4576000000000002,1.4576,0
1241,84.39066599164298,12.51,13.0,3.4672,1.4672,0
1288,83.39066599164298,13.01,13.5,3.4768,1.4768000000000001,0
829,48.19533299582149,13.51,14.0,3.4863999999999997,1.4864,0
1818,123.58599898746445,14.01,14.5,3.496,1.496,0
442,4.17427544207205,14.51,15.0,3.5056000000000003,1.5056,0
340,3.26,15.01,15.5,3.5256,1.5256,0
5329,41.2,15.51,16.0,3.5456000000000003,1.5456,0
3291,21.68,16.01,16.5,3.5656,1.5656,0
3317,21.36,16.51,17.0,3.5856000000000003,1.5856000000000001,0
248,0.12862877429741804,17.01,17.5,3.6056,1.6056,0
257,0.21131606703386852,17.51,18.0,3.6256,1.6256,0
335,0.6339482011016055,18.01,18.5,3.6456,1.6456,0
365,0.3983215434788333,18.51,19.0,3.6656,1.6656,0
286,0.15136218652195665,19.01,19.5,3.6856,1.6856,0
264,0.07966430869576666,19.51,20.0,3.7056,1.7056,0
413,0.7169787782618999,20.01,20.5,3.7256,1.7256,0
327,0.1593286173915333,20.51,21.0,3.7456,1.7456,0
485,1.5136218652195665,21.01,21.5,3.7656,1.7656,0
337,0.3505229582613733,21.51,22.0,3.7856,1.7856,0
604,7.728582641233914,22.01,22.5,3.8056,1.8056,0
558,3.6012956419316846,22.51,23.0,3.8256,1.8256000000000001,0
276,0.23132078264946088,23.01,23.5,3.8456,1.8456000000000001,0
296,0.20240568481827825,23.51,24.0,3.8655999999999997,1.8656,0
410,1.8117786058347725,24.01,24.5,3.8856,1.8856,0
1117,9.614505134963194,24.51,25.0,3.9055999999999997,1.9056,0
316,0.3381986730891575,25.01,25.5,3.976,1.976,0
616,3.623557211669545,25.51,26.0,5.0464,2.0463999999999998,0
496,2.4640189039352904,26.01,26.5,5.1168,2.1168,0
618,3.68,26.51,27.0,5.1872,2.1872,0
1314,11.44,27.01,27.5,5.2576,3.2576,0
1301,9.78,27.51,28.0,5.328,2.3280000000000003,0
1241,9.64,28.01,28.5,5.3984000000000005,1.3984,0
1257,9.64,28.51,29.0,5.4688,3.4688,0
1284,9.62,29.01,29.5,5.539199999999999,1.5391999999999997,0
1237,9.6,29.51,30.0,5.6096,3.6096000000000004,0
1245,9.56,30.01,30.5,5.68,2.68,0
1010,5.999999999999999,30.51,31.0,5.750400000000001,1.7504000000000004,0
293,2.58,31.01,31.5,5.8208,3.8208,0
285,2.5,31.51,32.0,5.8911999999999995,2.8912,0
333,4.04,32.01,32.5,5.961600000000001,3.9616000000000002,0
339,4.02,32.51,33.0,7.032,2.0320000000000005,0
351,3.94,33.01,33.5,7.1024,2.1024000000000003,0
372,5.5,33.51,34.0,7.1728000000000005,3.1728000000000005,0
475,26.94,34.01,34.5,7.2432,2.2432000000000003,0
459,15.38,34.51,35.0,7.3136,2.3136,0
443,14.3,35.01,35.5,7.384,3.3840000000000003,0
363,9.18,35.51,36.0,7.454400000000001,4.454400000000001,0
485,21.6,36.01,36.5,7.524800000000001,2.5248000000000004,0
500,23.98,36.51,37.0,7.5952,4.5952,0
668,40.74,37.01,37.5,7.6655999999999995,3.6656,0
504,2.3066797270978987,37.51,38.0,7.736000000000001,2.736,0
692,4.248135164071964,38.01,38.5,7.8064,4.8064,0
663,3.4600195906468483,38.51,39.0,7.8768,3.8768000000000002,0
829,5.170807054911123,39.01,39.5,7.9472000000000005,2.9472000000000005,0
1835,2.8717492002246945,39.51,40.0,9.017600000000002,5.017600000000001,0
495,4.607988764196971,40.01,40.5,9.088000000000001,6.088,0
472,4.607988764196971,40.51,41.0,9.1584,6.1584,0
446,4.607988764196971,41.01,41.5,9.2288,6.228800000000001,0
423,4.607988764196971,41.51,42.0,9.299199999999999,6.2992,0
401,2.3039943820984856,42.01,42.5,9.3696,4.3696,0
484,4.607988764196971,42.51,43.0,9.440000000000001,5.44,0
613,9.215977528393942,43.01,43.5,9.5104,3.5104000000000006,0
434,4.607988764196971,43.51,44.0,9.5808,6.5808,0
584,6.911983146295457,44.01,44.5,9.6512,5.6512,0
444,4.607988764196971,44.51,45.0,9.7216,3.7216000000000005,0
372,2.3039943820984856,45.01,45.5,9.778400000000001,3.7784000000000004,0
404,4.607988764196971,45.51,46.0,9.8352,2.8352000000000004,0
471,11.895,46.01,46.5,9.892,5.892,0
421,12.895,46.51,47.0,9.9488,3.9488000000000003,0
412,6.44,47.01,47.5,11.005600000000001,6.0056,0
412,11.88,47.51,48.0,11.0624,3.0624000000000002,0
1288,12.350588235294119,48.01,48.5,11.1192,3.1192,0
819,4.6,48.51,49.0,11.176,4.176,0
298,0.3842818610684604,49.01,49.5,11.232800000000001,3.2328,0
348,1.0979481744813155,49.51,50.0,11.2896,4.2896,0
266,0.5489740872406578,50.01,50.5,11.3464,6.3464,0
739,3.7388762585254955,50.51,51.0,11.403200000000002,5.403200000000001,0
799,3.8884313088665157,51.01,51.5,11.46,6.46,0
757,3.7014874959402406,51.51,52.0,11.5168,6.516800000000001,0
1264,4.12,52.01,52.5,11.573599999999999,3.5736,0
1363,4.52,52.51,53.0,11.630400000000002,7.630400000000001,0
792,1.5211460963469858,53.01,53.5,11.6872,4.687200000000001,0
4327,11.62,53.51,54.0,11.744,7.744,0
1276,4.096305732484077,54.01,54.5,11.8008,3.8008000000000006,0
367,0.2996800034257369,54.51,55.0,11.8576,3.8575999999999997,0
277,0.48406943396226426,55.01,55.5,11.9144,3.9144000000000005,0
258,3.1000000000000005,55.51,56.0,11.9712,6.9712,0
253,0.7173249496393764,56.01,56.5,13.028,5.0280000000000005,0
368,11.582655957944274,56.51,57.0,13.084800000000001,8.084800000000001,0
289,4.63306238317771,57.01,57.5,13.1416,6.1416,0
317,1.1270543693594535,57.51,58.0,13.1984,8.1984,0
419,1.8784239489324226,58.01,58.5,13.255199999999999,8.255199999999999,0
852,9.26,58.51,59.0,13.312000000000001,3.3120000000000003,0
721,1.3228507614213196,59.01,59.5,13.3688,3.3688000000000002,0
276,0.06614253807106599,59.51,60.0,13.4256,5.4256,0
406,1.4633333333333332,60.01,60.5,13.4824,3.4824,0
440,3.249032258064516,60.51,61.0,13.539200000000001,3.539200000000001,0
498,3.249032258064516,61.01,61.5,13.596,7.596,0
499,3.2400000000000007,61.51,62.0,13.6528,8.6528,0
587,3.8,62.01,62.5,13.7096,8.7096,0
717,4.6,62.51,63.0,13.7664,6.7664,0
798,4.412651871324336,63.01,63.5,13.8232,4.823200000000001,0
357,0.39127562203112376,63.51,64.0,13.879999999999999,7.88,0
473,2.1650584419055514,64.01,64.5,13.936800000000002,5.936800000000001,0
290,0.7173386403903935,64.51,65.0,13.9936,9.9936,0
621,2.3,65.01,65.5,15.0504,6.050400000000001,0
619,0.6224519869549463,65.51,66.0,15.1072,7.107200000000001,0
524,0.36427587872931516,66.01,66.5,15.164,9.164,0
363,0.8452642681354741,66.51,67.0,15.2208,10.2208,0
310,0.21131606703386852,67.01,67.5,15.2776,10.2776,0
365,2.530673260507818,67.51,68.0,15.3344,4.3344000000000005,0
359,2.2744793982059086,68.01,68.5,15.391200000000001,6.3912,0
244,0.2146828511453865,68.51,69.0,15.448,10.448,0
261,0.20876190476190473,69.01,69.5,15.5048,9.5048,0
321,0.08306306306306305,69.51,70.0,15.561600000000002,10.561600000000002,0
351,4.92103963670032,70.01,70.5,15.618400000000001,8.618400000000001,0
368,1.4054225212744906,70.51,71.0,15.6752,4.6752,0
532,2.3189471601029092,71.01,71.5,15.732,6.732,0
349,0.36389011820164585,71.51,72.0,15.7888,4.7888,0
336,0.36389011820164585,72.01,72.5,15.845600000000001,10.845600000000001,0
454,1.7684988705592444,72.51,73.0,15.9024,9.9024,0
415,0.9368491697303165,73.01,73.5,15.959200000000001,5.959200000000001,0
836,3.446679661476967,73.51,74.0,17.016,11.016,0
507,1.3821416763305288,74.01,74.5,17.0728,12.072799999999999,0
423,1.0467265414888105,74.51,75.0,17.1296,10.1296,0
487,1.4399718719928938,75.01,99999.99,17.1812,0.13520000000000001,0
768,2.5618776678427793,0.0,5000.0,25.4236,6.4236,1
884,3.203792839695033,0.0,5000.0,27.2024,15.2024,1
564,1.6481605763774085,0.0,5000.0,25.4236,11.4236,1
978,3.54,0.0,5000.0,27.2024,10.2024,1
723,1.7847020707141807,0.0,5000.0,27.2024,9.2024,1
578,0.9815861388927994,0.0,5000.0,33.3172,16.3172,1
603,1.3385265530356356,0.0,5000.0,27.2024,9.2024,1
674,1.3757078461755143,0.0,5000.0,33.3172,20.3172,1
395,0.35694041414283617,0.0,5000.0,33.3172,13.3172,1
2245,6.0,0.0,5000.0,27.2024,18.2024,1
315,0.08023390254237289,0.0,5000.0,27.2024,16.2024,1
355,3.3698239067796614,0.0,5000.0,33.3172,17.3172,1
1317,12.02,0.0,5000.0,27.2024,16.2024,1
1288,9.92,0.0,5000.0,27.2024,9.2024,1
376,3.3685714285714288,0.0,5000.0,25.4236,16.4236,1
321,2.46,0.0,5000.0,25.4236,15.4236,1
358,1.7349999999999997,0.0,5000.0,27.2024,13.2024,1
774,8.739774330042314,0.0,5000.0,27.2024,13.2024,1
307,0.16184767277856138,0.0,5000.0,33.3172,8.3172,1
519,4.208039492242595,0.0,5000.0,33.3172,17.3172,1
869,8.739774330042314,0.0,5000.0,33.3172,12.3172,1
372,1.9421720733427363,0.0,5000.0,27.2024,7.202400000000001,1
1003,10.0,0.0,5000.0,27.2024,13.2024,1
976,11.26,0.0,5000.0,33.3172,10.3172,1
816,7.3,0.0,5000.0,31.278399999999998,20.278399999999998,1
1277,14.68,0.0,5000.0,31.278399999999998,12.2784,1
1289,13.66,500.0,1999.99,27.304000000000002,0.058800000000000005,0
1284,14.64,0.0,99.99,27.304000000000002,0.058800000000000005,0
1311,15.28,100.0,249.99,27.304000000000002,0.058800000000000005,0
320,1.0064516129032257,250.0,499.99,27.304000000000002,0.058800000000000005,0
490,2.518890310471552,2000.0,99999.99,27.304000000000002,0.058800000000000005,0
535,2.518890310471552,0.0,5000.0,31.278399999999998,13.2784,1
1756,16.11334186282931,100.0,249.99,27.7884,0.20279999999999998,0
474,2.518890310471552,2000.0,99999.99,27.7884,0.20279999999999998,0
520,2.256505903130765,250.0,499.99,27.7884,0.20279999999999998,0
490,2.518890310471552,0.0,99.99,27.7884,0.34480000000000005,0
497,2.518890310471552,500.0,1999.99,27.7884,0.20279999999999998,0
311,0.2623844073407866,0.0,99.99,31.9612,0.1816,0
746,5.037780620943104,2000.0,99999.99,31.9612,0.1816,0
786,5.037780620943104,250.0,499.99,31.9612,0.1816,0
520,2.518890310471552,500.0,1999.99,31.9612,0.1816,0
532,2.518890310471552,100.0,249.99,31.9612,0.1816,0
526,2.518890310471552,500.0,1999.99,27.0384,0.124,0
351,1.4936383159435416,2000.0,99999.99,27.0384,0.124,0
339,1.908537848150081,100.0,249.99,27.0384,0.124,0
326,1.3000185342471566,250.0,499.99,27.0384,0.124,0
322,1.7425780352674651,0.0,99.99,27.0384,0.124,0
329,2.1574775674740043,0.0,99.99,29.339199999999998,0.41159999999999997,0
328,2.5447171308667746,500.0,1999.99,29.339199999999998,0.3112,0
279,0.055319937627538576,250.0,499.99,29.339199999999998,0.41159999999999997,0
360,0.9675906725811323,2000.0,99999.99,29.339199999999998,0.3112,0
349,0.3996570169356851,100.0,249.99,29.339199999999998,0.41159999999999997,0
